path,bytes,sha256
figure_inference_latency.pdf,18013,22f583334e8144a5150eb90f3f4d215ee73f4d617385c12e8aad662340ba2cbd
figure_inference_latency.png,117856,435b905cbfe1d07df216a658b0f17609af99f98541c8c9ace29131f1f02aa87e
figure_learning_curves.pdf,26540,eb9dbaab28ab23d4a18479c74631f3051a2c18a6fd80fded1c18a3b1280a45f6
figure_learning_curves.png,375990,96024d1f939eed6bd6483b51827c573e04861d894b59d6971aa44211c750a14c
figure_projection_change.pdf,25699,442c55819be3263b12681d0f000a2946ea706e93237f8de8dc92773666765176
figure_projection_change.png,133317,40738755fa51ab4e2e94ffd1152099fb119d596fe50b804152926ede55529833
figure_severe_extrapolation.pdf,18169,2ba56ff037983c3ed0085a86b01923b0bacedaf1ec60bb0a680971dcc746a054
figure_severe_extrapolation.png,112860,7fb9a49dcbae314d624babb2742aa4df64adc4fa3b68c6694e5db685328bf911
source_data/figure_inference_latency.csv,3806,ccfa7231dc9713252d09c12561dda6f830c0b070c3070a018046f68f490a8741
source_data/figure_projection_change.csv,13583,beb283891e01eada7e8e61de430097e89fed3f20201fe7342ab2768d78f3d579
source_data/figure_severe_extrapolation.csv,6739,f46528990715bbc48a27eaff37598a05772de84cddcaf87739a1d65530326634
source_data/id_component_metrics.csv,8351080,ae870065496f24b6a729c909d130c78bd42ef4ca51ba01abcb38562f265b420e
source_data/id_composite_metrics.csv,1152719,d2bb0671d5635946bde7a00a56fd5cc248f1162cb468af037d9558f4d7dee0e8
source_data/id_fold_metrics.csv,216417,8ad5e4bd61e5fba25f56e1e374e86097edbf200bddd0cdd223079ef9219e8ced
source_data/id_fold_summary.csv,63164,6b199645c9126efebffb1aab53edac8f4a4f567f60e53324c619eab645008ba3
source_data/id_physical_fold.csv,351857,b6179199df3c460609e3f37e5b852e3e63b603d9defc88912c876a145bc23e5b
source_data/id_physical_summary.csv,131782,d03e548e85c2c93d9431249ddd869cd49eb598de3eacc8501fce45f57c2dabbc
source_data/multitask_elastic_net_regressor_standardized_coefficients.csv,12187,17d228cfd40a00d3de439d2e05a3b323637a40a953771e94874b06359479afa7
source_data/multitask_lasso_regressor_standardized_coefficients.csv,11917,a57ed74b39b7b9cab14890ec49ed89a622dc06262f81d3a5d315652430e539ee
source_data/ood_component_metrics.csv,291262,320cef39245008da96131c96dcd76dc0c5745ef41513184c7deff4050efea75f
source_data/ood_composite_metrics.csv,39708,4be1cca8731332e73eaf733988d41e86f79192a5f535ea812c8e3b4c6a4e2faa
source_data/ood_dataset_validation.csv,350,c52dd1148d79e88773c3ec37211e16f9b54fbbbbe120391548b79ef78b8b59a7
source_data/ood_metrics.csv,13192,f0ebfaf560841adeabc5371b2a235e524ecca552361438fbe9349ca8763f46be
source_data/ood_physical_summary.csv,11959,77d88535e9041a73b026b4449bcc8988012d75f2687cbde091f252df8713dea6
source_data/ood_timing.csv,4185,6e3056ed707d0c0ac139fa4edfc0c00d288816c7c7b0ef9c2d08b0746314e87d
source_data/pls_regressor_standardized_coefficients.csv,11273,043b965045a8103e1e57476cbaafd689fa2fc1c5c0d6c5065e9ea3d377628b21
source_data/timing_fold_summary.csv,37568,b2730f5ea1774dfb7908b411983072bb0a09022556182ac532610c2b5466acd5
table_dataset_validation.csv,506,012d39d5419b9c8b946e2f47e339354f3dcf2c2e2f6aa4e3f8a40cb27bc8b03a
table_dataset_validation.tex,660,57f47121514f77f632dd1d7b8abe6c16824b147b4cb6ccd0870b293fca4e7a79
table_largest_id_metrics.csv,5948,344754c8b8bd8b0a727d596664ef4472179ed14351ac3ea2597233eb8c5f3fc6
table_largest_id_metrics.tex,4680,0afc73d565d662bb48fcbbe7ae12ccf08697acff0819cea77545d695c35c8d87
table_ood_metrics.csv,22038,98488fe17aedf14a23472956f5eac14c9570a89b721076062a86bbbe6d50f46a
table_ood_metrics.tex,15993,c23e83669c9eda25c4d1c069728d55aa36a921d2c8dc94155401b3e1d9a29fc4
table_projection_physics.csv,12209,75fbe8fc48a84c2f8ab0b43037073749f717b37c202d802d218f30d4a7ba479f
table_projection_physics.tex,9223,af1d1d382d6a9400069b71bc802975f98dd4a9e32be15fccbe6ce8a425343b41
table_timing.csv,3806,ccfa7231dc9713252d09c12561dda6f830c0b070c3070a018046f68f490a8741
table_timing.tex,3035,e5b39615c859215e8c9f58f9dff7321d3aefeeda434d613b071b5184ad3e79f3
