model,model_key,model_category,regime,split,prediction_type,setup_seconds,search_seconds,raw_latency_ms_per_sample,projection_latency_ms_per_sample,end_to_end_latency_ms_per_sample,maximum_repeated_prediction_difference,nMSE,nRMSE,nMAE,macro_R2,mass_violation_rate,nonnegative_violation_rate,conservation_l2_mean,conservation_l2_std,conservation_l2_median,conservation_l2_q95,conservation_l2_max,mass_violation_rate_physical,nonnegative_violation_rate_physical,standardized_displacement_l2_mean,backtracking_rate,backtracking_alpha_mean,backtracking_alpha_min
XGBoost,xgboost_regressor,Boosting,mild,ood,raw,7.674238999839872,3663.236434,0.03654082024695526,0.07991396478246315,0.13044765591985197,0.0,0.1801136832195217,0.42439802452358527,0.19055889555212874,0.8914009554746338,1.0,0.39166666666666666,2.4360804082088254,1.7852178200493862,1.693922761419243,6.197705991374317,8.489369605035117,1.0,0.39166666666666666,0.4661906149817787,0.0,1.0,1.0
XGBoost,xgboost_regressor,Boosting,mild,ood,projected,7.674238999839872,3663.236434,0.03654082024695526,0.07991396478246315,0.13044765591985197,0.0,0.1766189046002537,0.42026051991622254,0.1870009908660734,0.8925683503506789,0.0,0.0,4.483560906382425e-14,2.1766969977933836e-14,4.0971892881709936e-14,8.925134558316273e-14,1.4511884794742104e-13,0.0,0.0,0.4661906149817787,0.0,1.0,1.0
XGBoost,xgboost_regressor,Boosting,severe,ood,raw,7.674238999839872,3663.236434,0.0350461912148603,0.07661113272661169,0.13365029303713527,0.0,0.742020205591716,0.8614059470375834,0.29402168773919135,0.8054021024282528,1.0,0.41833333333333333,4.51105728989317,4.627900322449722,1.799607728950414,13.229506664576482,16.14539821512907,1.0,0.41833333333333333,0.8027653008642187,0.0,1.0,1.0
XGBoost,xgboost_regressor,Boosting,severe,ood,projected,7.674238999839872,3663.236434,0.0350461912148603,0.07661113272661169,0.13365029303713527,0.0,0.728107144239176,0.8532919454906251,0.29230962576206365,0.8047765042438199,0.0,0.0,4.098633779159578e-14,1.958704066530263e-14,3.616527476359785e-14,8.254964720476675e-14,1.2810722958606954e-13,0.0,0.0,0.8027653008642187,0.0,1.0,1.0
LightGBM,lightgbm_regressor,Boosting,mild,ood,raw,3.7262947999406606,1154.302386,0.08062373035500059,0.07313457012969593,0.17831923833000474,0.0,0.17517403251109476,0.41853797021428624,0.1853857404661841,0.8954095588425138,1.0,0.3933333333333333,2.23959241514879,1.806588542280435,1.475427677758594,6.102062518524193,7.56073758231923,1.0,0.3933333333333333,0.4557068664937126,0.0,1.0,1.0
LightGBM,lightgbm_regressor,Boosting,mild,ood,projected,3.7262947999406606,1154.302386,0.08062373035500059,0.07313457012969593,0.17831923833000474,0.0,0.1703269746663037,0.4127068871079131,0.1822924530457448,0.8977315639803342,0.0,0.0,4.3208800949306663e-14,2.1127106896384888e-14,3.8263897345803626e-14,8.788978738131861e-14,1.2337690232431936e-13,0.0,0.0,0.4557068664937126,0.0,1.0,1.0
LightGBM,lightgbm_regressor,Boosting,severe,ood,raw,3.7262947999406606,1154.302386,0.0835509765693132,0.10291083981428528,0.17200898446390056,0.0,0.7198688448117698,0.8484508499682052,0.29157002032768714,0.8073634813301436,1.0,0.45,4.229541170518714,4.603114426309657,1.4113349410904399,12.696843658348692,15.729743364015157,1.0,0.45,0.7658773255432594,0.0,1.0,1.0
LightGBM,lightgbm_regressor,Boosting,severe,ood,projected,3.7262947999406606,1154.302386,0.0835509765693132,0.10291083981428528,0.17200898446390056,0.0,0.7085943029599603,0.8417804363133894,0.29023565251484673,0.8059459425992564,0.0,0.0,4.162044775642686e-14,2.100541182771197e-14,3.7134284089627915e-14,7.54708907258248e-14,1.718573603063735e-13,0.0,0.0,0.7658773255432594,0.0,1.0,1.0
CatBoost,catboost_regressor,Boosting,mild,ood,raw,32.809621000196785,6681.289167,0.06770390632482304,0.0675367186886433,0.13946181616120157,0.0,0.15467419747318925,0.39328640641800633,0.17491794658083534,0.906904113634744,1.0,0.5966666666666667,2.104460618420535,1.8368265612772454,1.1426122644051542,5.7787508370224066,7.58571884283132,1.0,0.5966666666666667,0.4270175445507013,0.0,1.0,1.0
CatBoost,catboost_regressor,Boosting,mild,ood,projected,32.809621000196785,6681.289167,0.06770390632482304,0.0675367186886433,0.13946181616120157,0.0,0.15004354254563182,0.38735454372658623,0.17027151724209916,0.9092006489596083,0.0,0.0,4.367077576977676e-14,2.1070101677714963e-14,3.797933623832096e-14,8.675094682469064e-14,1.2909559519567428e-13,0.0,0.0,0.4270175445507013,0.0,1.0,1.0
CatBoost,catboost_regressor,Boosting,severe,ood,raw,32.809621000196785,6681.289167,0.06336162118714128,0.08201972673305136,0.13379433607951796,0.0,0.6991228753109611,0.8361356799652561,0.28222305821667176,0.8170543194924214,1.0,0.625,4.205034251959454,4.7396093473026735,1.2572100037963772,13.126602384191543,15.050461902204342,1.0,0.625,0.7566214576479406,0.0,1.0,1.0
CatBoost,catboost_regressor,Boosting,severe,ood,projected,32.809621000196785,6681.289167,0.06336162118714128,0.08201972673305136,0.13379433607951796,0.0,0.6851586479285501,0.8277431050323223,0.2785351036161786,0.8170037456928372,0.0,0.0,4.2295960757077064e-14,2.0172997605307432e-14,3.7006151661820426e-14,8.332703366122477e-14,1.457918565815706e-13,0.0,0.0,0.7566214576479406,0.0,1.0,1.0
AdaBoost,adaboost_regressor,Boosting,mild,ood,raw,17.109324200078845,6482.252217,0.7083258788043167,0.07866289070079802,0.8615342771918222,0.0,0.4789788598045236,0.692082986212292,0.45494500680008,0.6627190025630691,1.0,0.0,6.285841492000977,2.4177217450399744,5.993974565512091,10.975158458357091,14.961674641657094,1.0,0.0,0.9554483702161876,0.0016666666666666668,0.9988965117990316,0.33790707941897485
AdaBoost,adaboost_regressor,Boosting,mild,ood,projected,17.109324200078845,6482.252217,0.7083258788043167,0.07866289070079802,0.8615342771918222,0.0,0.5059609015263722,0.7113092868270259,0.4545583175900803,0.6424914993583594,0.0,0.0,4.334711594617149e-14,2.295850097261263e-14,3.6503172599912366e-14,9.015864087837071e-14,1.537241597043244e-13,0.0,0.0,0.9554483702161876,0.0016666666666666668,0.9988965117990316,0.33790707941897485
AdaBoost,adaboost_regressor,Boosting,severe,ood,raw,17.109324200078845,6482.252217,0.7656716795736429,0.06969345713514485,0.7978311521128489,0.0,1.0725441170140557,1.0356370585364623,0.5441034038826836,0.601906188139324,1.0,0.0,7.884402665374794,3.6531083088990646,7.171932725017364,14.698400227224816,19.13631733391794,1.0,0.0,1.356700482634885,0.01,0.9951970533842524,0.17793560484935286
AdaBoost,adaboost_regressor,Boosting,severe,ood,projected,17.109324200078845,6482.252217,0.7656716795736429,0.06969345713514485,0.7978311521128489,0.0,1.2962068474512058,1.1385108025184503,0.5520368781478323,0.5673733262296017,0.0,0.0,4.0905311724030705e-14,2.0003653951778963e-14,3.5726411198080296e-14,8.241398517573984e-14,1.2812743333068232e-13,0.0,0.0,1.356700482634885,0.01,0.9951970533842524,0.17793560484935286
Random Forest,random_forest_regressor,Randomized tree ensembles,mild,ood,raw,9.92184039996937,2144.627226,0.1591702148289187,0.07076689462337526,0.24467392563565227,2.2737367544323206e-13,0.8242227869084018,0.9078671636910335,0.576396293047226,0.42536385269275295,1.0,0.0,16.719300645442193,5.772254172394976,16.545051444890667,26.78675699977461,40.183453584080546,1.0,0.0,2.5098255149145796,0.02666666666666667,0.9927475485992443,0.17743561803441055
Random Forest,random_forest_regressor,Randomized tree ensembles,mild,ood,projected,9.92184039996937,2144.627226,0.1591702148289187,0.07076689462337526,0.24467392563565227,2.2737367544323206e-13,0.9911695318927426,0.9955749755255716,0.5719008817547645,0.3527018870468398,0.0,0.0,4.3265508760635427e-14,2.011625642998079e-14,3.9740396804963476e-14,8.216202914819371e-14,1.438849039914203e-13,0.0,0.0,2.5098255149145796,0.02666666666666667,0.9927475485992443,0.17743561803441055
Random Forest,random_forest_regressor,Randomized tree ensembles,severe,ood,raw,9.92184039996937,2144.627226,0.1768041990999336,0.07111289050953928,0.2461674807818781,1.7053025658242404e-13,1.5428755807750814,1.2421254287611543,0.6549590152358402,0.384888056286535,1.0,0.0,18.44944695782804,7.057103152192156,18.32818250405925,30.02864193124467,45.23233063022834,1.0,0.0,3.145740723979189,0.02666666666666667,0.9884340872127674,0.027079662391038768
Random Forest,random_forest_regressor,Randomized tree ensembles,severe,ood,projected,9.92184039996937,2144.627226,0.1768041990999336,0.07111289050953928,0.2461674807818781,1.7053025658242404e-13,2.218289768112667,1.489392415756394,0.6769599978999139,0.22451667731679126,0.0,0.0,4.323318896693115e-14,2.1482393567909594e-14,3.8999318133542243e-14,8.58698815702322e-14,1.6115238087220718e-13,0.0,0.0,3.145740723979189,0.02666666666666667,0.9884340872127674,0.027079662391038768
Extra Trees,extra_trees_regressor,Randomized tree ensembles,mild,ood,raw,3.086806599982083,892.794828,0.20384638696668844,0.06753740262865904,0.22615312491325312,5.684341886080802e-14,0.5138432846090671,0.7168286298754167,0.4421192189436122,0.6335133742493643,1.0,0.0,23.98072011058524,14.418895637840022,20.986306144247536,50.41556723284849,65.4080344695318,1.0,0.0,1.627996923357649,0.006666666666666667,0.9974783292461539,0.17191014822202982
Extra Trees,extra_trees_regressor,Randomized tree ensembles,mild,ood,projected,3.086806599982083,892.794828,0.20384638696668844,0.06753740262865904,0.22615312491325312,5.684341886080802e-14,0.46156707067840824,0.6793872759173579,0.3746162341694772,0.6941253779370035,0.0,0.0,4.305584471601694e-14,1.992223678072789e-14,3.970167507521169e-14,8.33450208436155e-14,1.2286432469317235e-13,0.0,0.0,1.627996923357649,0.006666666666666667,0.9974783292461539,0.17191014822202982
Extra Trees,extra_trees_regressor,Randomized tree ensembles,severe,ood,raw,3.086806599982083,892.794828,0.15738642582618922,0.06640546871494735,0.23162158208833716,5.684341886080802e-14,1.175442976197892,1.0841784798629293,0.5381157337841599,0.5584785197703829,1.0,0.0,25.23246073019652,15.268181194876377,21.4733751572927,54.67672456225228,74.64298657166871,1.0,0.0,2.139726535315542,0.013333333333333334,0.9918289093188267,0.04045365234112044
Extra Trees,extra_trees_regressor,Randomized tree ensembles,severe,ood,projected,3.086806599982083,892.794828,0.15738642582618922,0.06640546871494735,0.23162158208833716,5.684341886080802e-14,1.492614087603035,1.2217258643423388,0.49442556655478676,0.5690100127202522,0.0,0.0,4.254344051623126e-14,2.0788083762133187e-14,3.843360533043801e-14,8.674097227426193e-14,1.432144669219779e-13,0.0,0.0,2.139726535315542,0.013333333333333334,0.9918289093188267,0.04045365234112044
SVR,svr_regressor,Kernel,mild,ood,raw,79.41830080002546,15418.253462,2.201905273295779,0.07262041026478983,2.2818531249413354,0.0,0.30792720584773403,0.5549118901661182,0.2732172287816472,0.8177227296210632,1.0,0.72,5.534453117597241,4.570286788594993,4.035365210619821,15.476133068646318,24.681826105944097,1.0,0.72,0.634257400706526,0.0016666666666666668,0.9991766491926328,0.5059895155797173
SVR,svr_regressor,Kernel,mild,ood,projected,79.41830080002546,15418.253462,2.201905273295779,0.07262041026478983,2.2818531249413354,0.0,0.28967797879250884,0.5382174084814694,0.2477977004424907,0.8312001031777532,0.0,0.0,4.362913805155805e-14,2.0158217539577964e-14,3.891802844472395e-14,8.651423159652382e-14,1.2853755404141184e-13,0.0,0.0,0.634257400706526,0.0016666666666666668,0.9991766491926328,0.5059895155797173
SVR,svr_regressor,Kernel,severe,ood,raw,79.41830080002546,15418.253462,2.166281250083557,0.06587207030861464,2.1648063475367962,0.0,0.9771748972240839,0.9885215714510655,0.4256075547120015,0.7046840916126762,1.0,0.7216666666666667,11.881063190540473,7.871096823273621,10.426343447998086,27.91914299305258,40.29517863743461,1.0,0.7216666666666667,1.0863649221865936,0.0033333333333333335,0.9999393797477234,0.9648168466501547
SVR,svr_regressor,Kernel,severe,ood,projected,79.41830080002546,15418.253462,2.166281250083557,0.06587207030861464,2.1648063475367962,0.0,0.8994284985927278,0.948382042529659,0.3681644232016232,0.7494981195392423,0.0,0.0,4.1963357461364146e-14,2.045445416437217e-14,3.709141974507642e-14,8.438540279945537e-14,1.4631930782043847e-13,0.0,0.0,1.0863649221865936,0.0033333333333333335,0.9999393797477234,0.9648168466501547
k-NN,knn_regressor,Instance based,mild,ood,raw,0.0481131998822093,131.613833,0.1446687499537802,0.06653417972302123,0.21230673814898182,0.0,0.5780486132761419,0.7602950830277293,0.4673403927241899,0.6073584411103342,1.0,0.0,26.019867087243444,12.605337910042703,24.813699843564393,47.78423439275945,61.1894678891449,1.0,0.0,1.3955704308684274,0.0016666666666666668,0.9990560917001314,0.43365502007884776
k-NN,knn_regressor,Instance based,mild,ood,projected,0.0481131998822093,131.613833,0.1446687499537802,0.06653417972302123,0.21230673814898182,0.0,0.5356510298651831,0.7318818414643057,0.4166653861877058,0.6424884164441866,0.0,0.0,4.386787644826545e-14,2.129125251559606e-14,3.950143391273163e-14,8.784169459004904e-14,1.2373444325865533e-13,0.0,0.0,1.3955704308684274,0.0016666666666666668,0.9990560917001314,0.43365502007884776
k-NN,knn_regressor,Instance based,severe,ood,raw,0.0481131998822093,131.613833,0.1492164062710799,0.06774843768653227,0.21729257832703297,0.0,1.2385203346894755,1.1128882849097996,0.5369588670820037,0.5685654711960684,1.0,0.0,27.50832099912373,12.931158108238172,25.744747675963595,50.22154165667509,73.86434904703958,1.0,0.0,1.753794342268584,0.005,0.996653311986696,0.05574154412491553
k-NN,knn_regressor,Instance based,severe,ood,projected,0.0481131998822093,131.613833,0.1492164062710799,0.06774843768653227,0.21729257832703297,0.0,1.315896928197003,1.1471255067328086,0.490989484073976,0.5892557794933968,0.0,0.0,4.277817299336532e-14,2.101266153668214e-14,3.8495123772993935e-14,8.560484614666732e-14,1.4536851766823678e-13,0.0,0.0,1.753794342268584,0.005,0.996653311986696,0.05574154412491553
PLS,pls_regressor,Interpretable models,mild,ood,raw,0.19168619997799397,39.027297,0.0007754881607979769,0.06705966779918526,0.06832734356976289,0.0,0.8246212987621363,0.9080866141300269,0.6130531032876936,0.39347631809255723,1.0,0.7516666666666667,21.914122435458047,12.649430428343631,19.061329989448218,47.398671673727584,73.19261027212067,1.0,0.7516666666666667,2.157183896091935,0.01,0.99617841953121,0.22196322733337118
PLS,pls_regressor,Interpretable models,mild,ood,projected,0.19168619997799397,39.027297,0.0007754881607979769,0.06705966779918526,0.06832734356976289,0.0,0.7080368395735286,0.8414492495531317,0.47845601573797814,0.5304038359162837,0.0,0.0,4.2907324756392475e-14,2.2091752057791666e-14,3.649375228684704e-14,9.051752776268764e-14,1.4441027280087337e-13,0.0,0.0,2.157183896091935,0.01,0.99617841953121,0.22196322733337118
PLS,pls_regressor,Interpretable models,severe,ood,raw,0.19168619997799397,39.027297,0.0007426756383210886,0.06522802732433775,0.06621064426326484,0.0,1.6042993784960935,1.2666094024979024,0.7430627892262877,0.28638458827965574,1.0,0.8733333333333333,24.116602341121645,14.33928293354385,19.907363657926822,51.01655870298086,79.99334040089263,1.0,0.8733333333333333,2.6063146126726298,0.006666666666666667,0.9964525889570867,0.057938168246280376
PLS,pls_regressor,Interpretable models,severe,ood,projected,0.19168619997799397,39.027297,0.0007426756383210886,0.06522802732433775,0.06621064426326484,0.0,1.4165348013983117,1.1901826756419838,0.5505531028860431,0.496764841719849,0.0,0.0,4.193380978679584e-14,2.1256237009288558e-14,3.607765328308672e-14,8.662626592426826e-14,1.4309323413745522e-13,0.0,0.0,2.6063146126726298,0.006666666666666667,0.9964525889570867,0.057938168246280376
Multi-task Elastic Net,multitask_elastic_net_regressor,Interpretable models,mild,ood,raw,0.04508209996856749,11.856591,0.0006943362222955329,0.06828027358096733,0.06798134768359887,0.0,0.5632134608743598,0.7504754898558378,0.4551316988186476,0.6151408131157691,1.0,0.8933333333333333,0.12584724477949022,0.050201773976771454,0.12168059805416698,0.20912206383037005,0.22504529894443248,1.0,0.8933333333333333,1.054321677538728,0.0,1.0,1.0
Multi-task Elastic Net,multitask_elastic_net_regressor,Interpretable models,mild,ood,projected,0.04508209996856749,11.856591,0.0006943362222955329,0.06828027358096733,0.06798134768359887,0.0,0.47364470337465947,0.6882184997329406,0.37429371219409846,0.6935177581241491,0.0,0.0,4.2222484726275366e-14,2.0279261562252132e-14,3.751992361630465e-14,8.236059405720147e-14,1.4352259737452865e-13,0.0,0.0,1.054321677538728,0.0,1.0,1.0
Multi-task Elastic Net,multitask_elastic_net_regressor,Interpretable models,severe,ood,raw,0.04508209996856749,11.856591,0.0006860352641524514,0.06694121088912652,0.06812978540438053,0.0,1.3128784266477806,1.1458090707651867,0.6112921019412564,0.4908527745188648,1.0,0.9566666666666667,0.12764701018246613,0.05062236362480882,0.12435168510444207,0.2084005968976886,0.22868226810398395,1.0,0.9566666666666667,1.696595525569854,0.0,1.0,1.0
Multi-task Elastic Net,multitask_elastic_net_regressor,Interpretable models,severe,ood,projected,0.04508209996856749,11.856591,0.0006860352641524514,0.06694121088912652,0.06812978540438053,0.0,1.0894716916032146,1.043777606390947,0.46175071398291373,0.6448535790952685,0.0,0.0,4.196730365386777e-14,2.0030759078033628e-14,3.6706498556512454e-14,8.675371007075634e-14,1.2716779685529957e-13,0.0,0.0,1.696595525569854,0.0,1.0,1.0
Multi-task Lasso,multitask_lasso_regressor,Interpretable models,mild,ood,raw,0.06092830002307892,10.368786,0.0006928710263309767,0.0671994141612231,0.06941943365745828,0.0,0.5632645749665753,0.7505095435546275,0.455157086598434,0.6150893501518767,1.0,0.8933333333333333,0.1139146927203469,0.04532576014482839,0.1100893332496639,0.18939963702079854,0.20344662921510165,1.0,0.8933333333333333,1.0546285310368735,0.0,1.0,1.0
Multi-task Lasso,multitask_lasso_regressor,Interpretable models,mild,ood,projected,0.06092830002307892,10.368786,0.0006928710263309767,0.0671994141612231,0.06941943365745828,0.0,0.47363068766732364,0.6882083170576505,0.3742873146985546,0.6935252743252586,0.0,0.0,4.219896118379031e-14,2.044866947237307e-14,3.7556307583971175e-14,8.452919896550135e-14,1.231018573909517e-13,0.0,0.0,1.0546285310368735,0.0,1.0,1.0
Multi-task Lasso,multitask_lasso_regressor,Interpretable models,severe,ood,raw,0.06092830002307892,10.368786,0.0006749999101884896,0.06527373034259654,0.0672349608521472,0.0,1.3130217002686246,1.1458715897816059,0.6113581583046228,0.4907361126983968,1.0,0.9566666666666667,0.11555601387119338,0.04572156705358869,0.11267581365464853,0.18837677460969382,0.20676637851574955,1.0,0.9566666666666667,1.6971419337569784,0.0,1.0,1.0
Multi-task Lasso,multitask_lasso_regressor,Interpretable models,severe,ood,projected,0.06092830002307892,10.368786,0.0006749999101884896,0.06527373034259654,0.0672349608521472,0.0,1.0894677947157831,1.0437757396662288,0.461755303768725,0.6448446839291996,0.0,0.0,4.18835952955863e-14,1.9752471632290075e-14,3.807904873114147e-14,8.322268450072962e-14,1.182878940378308e-13,0.0,0.0,1.6971419337569784,0.0,1.0,1.0
MLP,ann_deep_regressor,Neural networks,mild,ood,raw,12.915053699864075,4313.386202,0.0035227542412030743,0.06812607421124994,0.07169970695031225,0.0,0.06479692199797157,0.2545523953883985,0.12062451161976125,0.9640763618295708,1.0,0.7983333333333333,4.500648586764884,2.7090949739941,3.9151788093236854,9.040403642656575,21.43133990155353,1.0,0.7983333333333333,0.3101770928043264,0.0,1.0,1.0
MLP,ann_deep_regressor,Neural networks,mild,ood,projected,12.915053699864075,4313.386202,0.0035227542412030743,0.06812607421124994,0.07169970695031225,0.0,0.06311443803984516,0.25122587056241874,0.10661298229453646,0.9656390176823381,0.0,0.0,4.2529610995474586e-14,2.0488145338043157e-14,3.801488089117494e-14,8.574025406644011e-14,1.4601015705627415e-13,0.0,0.0,0.3101770928043264,0.0,1.0,1.0
MLP,ann_deep_regressor,Neural networks,severe,ood,raw,12.915053699864075,4313.386202,0.003491015377221629,0.06549248041665123,0.07032333996903617,0.0,0.28209771505936587,0.5311287179765051,0.2007609561306965,0.9261449932713314,1.0,0.85,6.893461235403132,4.060034785132268,6.021419474566002,14.999398321794688,24.822384240351052,1.0,0.85,0.5166556730332557,0.0,1.0,1.0
MLP,ann_deep_regressor,Neural networks,severe,ood,projected,12.915053699864075,4313.386202,0.003491015377221629,0.06549248041665123,0.07032333996903617,0.0,0.2711695391748572,0.5207394158068479,0.17333749057126693,0.9320185939185425,0.0,0.0,4.308912444432089e-14,2.159618438597924e-14,3.692088357856443e-14,8.680552612979835e-14,1.3649080239232024e-13,0.0,0.0,0.5166556730332557,0.0,1.0,1.0
TabNet,tabnet_regressor,Neural networks,mild,ood,raw,24.412628599908203,7065.680563,0.01872568373073591,0.06924248054929194,0.10947890632451163,0.0,0.11309388869861556,0.33629434830013955,0.217734777986938,0.9127908750755316,1.0,0.655,8.303105607254638,5.591178419202112,7.0089866010877895,18.79412055502317,58.56611446575189,1.0,0.655,0.6588045820891334,0.0,1.0,1.0
TabNet,tabnet_regressor,Neural networks,mild,ood,projected,24.412628599908203,7065.680563,0.01872568373073591,0.06924248054929194,0.10947890632451163,0.0,0.11100931669128818,0.33318060671546923,0.196717230790372,0.915007297065444,0.0,0.0,4.335120727904062e-14,2.1351887830872986e-14,3.8275490515563433e-14,8.675309669653752e-14,1.29226144810652e-13,0.0,0.0,0.6588045820891334,0.0,1.0,1.0
TabNet,tabnet_regressor,Neural networks,severe,ood,raw,24.412628599908203,7065.680563,0.01870078153842769,0.06639873049607559,0.1274548826586397,0.0,0.3166044515849086,0.5626761516049072,0.2965191931195681,0.8578280427261857,1.0,0.76,10.35168105246871,6.536406542109867,9.152488596719957,23.006090327033515,54.965123610233526,1.0,0.76,0.8358431639327897,0.0,1.0,1.0
TabNet,tabnet_regressor,Neural networks,severe,ood,projected,24.412628599908203,7065.680563,0.01870078153842769,0.06639873049607559,0.1274548826586397,0.0,0.29889149917596713,0.5467097028368594,0.261530550626472,0.8710475486939984,0.0,0.0,4.121975222871707e-14,2.055098301766488e-14,3.6230712748823524e-14,8.404244136230497e-14,1.219491934586962e-13,0.0,0.0,0.8358431639327897,0.0,1.0,1.0
