model,model_key,model_category,sample_size,prediction_type,nMSE_mean,nMSE_std,nRMSE_mean,nRMSE_std,nMAE_mean,nMAE_std,macro_R2_mean,macro_R2_std,fold_count
XGBoost,xgboost_regressor,Boosting,10000,raw,0.06454772784195115,0.00288943915783265,0.25401155882932547,0.0056850487077172805,0.12440242627626312,0.002620784092209462,0.9351481852105079,0.0033756286532749605,5
XGBoost,xgboost_regressor,Boosting,10000,projected,0.06484203829118805,0.0030380226292987993,0.2545850895068832,0.0059655775035135595,0.12504692375972545,0.002423493867280007,0.9348772614710746,0.003263859144729781,5
LightGBM,lightgbm_regressor,Boosting,10000,raw,0.062105197046556114,0.0039031716599014694,0.2491121475270699,0.00777294997149363,0.12025315053351475,0.0034538569532760878,0.9375472314072166,0.004384122401743295,5
LightGBM,lightgbm_regressor,Boosting,10000,projected,0.06247169282624358,0.0037235735956392827,0.2498560988589007,0.0073843321680789106,0.12154274188605936,0.002999880744771193,0.9372003930315055,0.0040419011585418945,5
CatBoost,catboost_regressor,Boosting,10000,raw,0.053069322883664505,0.002545014330171374,0.23031517410732033,0.005504936373294559,0.11293531965941213,0.0017137439270899872,0.9468738076730139,0.0020351630085612238,5
CatBoost,catboost_regressor,Boosting,10000,projected,0.052481616410788946,0.0025290331436960936,0.22903583074686207,0.0055005278023672775,0.11128072384429791,0.001503339946455795,0.9474677044183052,0.0020705653128151123,5
AdaBoost,adaboost_regressor,Boosting,10000,raw,0.27567605577034765,0.004480271435857347,0.5250348334195658,0.00425433109260738,0.36899799362392205,0.005305692337800676,0.7238981386735274,0.004363478831770838,5
AdaBoost,adaboost_regressor,Boosting,10000,projected,0.3384093989157497,0.0326521634557747,0.5811847306192451,0.028144888762996936,0.3724168896719558,0.006777658177841702,0.6597030972020491,0.035416165079527544,5
Random Forest,random_forest_regressor,Randomized tree ensembles,10000,raw,0.5161646249206794,0.007090847004509562,0.718432489967141,0.0049221794325727646,0.49655629647819177,0.0034289074476385475,0.4842021353118822,0.004472199905181426,5
Random Forest,random_forest_regressor,Randomized tree ensembles,10000,projected,0.6615653458401767,0.032093614812977254,0.8131777688776914,0.019597896675301867,0.4667275228433052,0.0023632872007748446,0.3318811327192378,0.053391032893272954,5
Extra Trees,extra_trees_regressor,Randomized tree ensembles,10000,raw,0.3172427449018814,0.006112013774388768,0.5632222090621035,0.005418500840372639,0.3865522599753645,0.0045052059858738305,0.6828501277449572,0.0020739340332838374,5
Extra Trees,extra_trees_regressor,Randomized tree ensembles,10000,projected,0.3698021824167396,0.030696162899637367,0.6076919246950778,0.025315683803019007,0.32416284026911296,0.002198432277396761,0.6274169939625582,0.03672917320626236,5
SVR,svr_regressor,Kernel,10000,raw,0.13278983789998933,0.008225144707126228,0.36426145463307325,0.011370497382858493,0.19806585760400913,0.0032262452053983385,0.8676171747524986,0.002381455391961866,5
SVR,svr_regressor,Kernel,10000,projected,0.12688804659917957,0.007944590457999777,0.3560719660436198,0.011225061080617462,0.1825827190518194,0.002611444849536216,0.8735323054675053,0.0024060528923671343,5
k-NN,knn_regressor,Instance based,10000,raw,0.3682847177865002,0.008995841215803572,0.6068283952007949,0.007417594331046362,0.4186374641790508,0.005207083588250342,0.632046045545086,0.0014035444053605215,5
k-NN,knn_regressor,Instance based,10000,projected,0.3860533163047307,0.026725738883593905,0.6210342516692499,0.02149926040430153,0.3762115090818149,0.003614167582054722,0.6128329649445499,0.0263139124661676,5
PLS,pls_regressor,Interpretable models,10000,raw,0.5200721513375317,0.008407931455036845,0.7211414676567844,0.005823976664477697,0.5220530108088655,0.00295604908015461,0.4801450620114827,0.0020698813321322917,5
PLS,pls_regressor,Interpretable models,10000,projected,0.555873591106008,0.04585156179850431,0.7450625105705455,0.03072959583861607,0.4411635040217032,0.004371667600142198,0.44562072867482333,0.03319474073481286,5
Multi-task Elastic Net,multitask_elastic_net_regressor,Interpretable models,10000,raw,0.2874630328341832,0.008489919161989028,0.5361093457040409,0.00789004776350223,0.33822846344539387,0.00463518009265672,0.7128642807617973,0.0028458503780505596,5
Multi-task Elastic Net,multitask_elastic_net_regressor,Interpretable models,10000,projected,0.2664072617143618,0.00855554881050239,0.51609347119638,0.008275770570846953,0.3100998109083196,0.00437791408218533,0.7340440165241258,0.0027425358117823605,5
Multi-task Lasso,multitask_lasso_regressor,Interpretable models,10000,raw,0.28746067592080465,0.008491262107253181,0.5361071320453383,0.007891363231945956,0.3382251738620369,0.004633662679668261,0.7128667089995713,0.002843810522573687,5
Multi-task Lasso,multitask_lasso_regressor,Interpretable models,10000,projected,0.26641337593240777,0.00852164324713941,0.5160998206296257,0.008242502538365344,0.310104104434798,0.0043702614921226094,0.7340372864109883,0.002747753910578442,5
MLP,ann_deep_regressor,Neural networks,10000,raw,0.02271445878283483,0.003432007858661144,0.15032939644891616,0.01201724521986129,0.07976745216488418,0.003933621209665198,0.9774280062256127,0.0027881866248087683,5
MLP,ann_deep_regressor,Neural networks,10000,projected,0.022245198878584775,0.003405693487980442,0.14875718644581495,0.012067433411346324,0.07290235077228308,0.003695397258407643,0.9779027923826478,0.0027391612942954894,5
TabNet,tabnet_regressor,Neural networks,10000,raw,0.07434418022580239,0.014553078249631377,0.2715898854751516,0.026998016903941248,0.170755149879744,0.021900551314236218,0.9261925821904187,0.013396343749938583,5
TabNet,tabnet_regressor,Neural networks,10000,projected,0.07595464294227808,0.012589540079010064,0.2747692530243613,0.023887772361414393,0.15309815246275438,0.01674740486706239,0.9234833455290549,0.014096641648294005,5
