model,model_key,model_category,sample_size,prediction_type,conservation_l2_mean_mean,conservation_l2_mean_std,conservation_l2_std_mean,conservation_l2_std_std,conservation_l2_median_mean,conservation_l2_median_std,conservation_l2_q95_mean,conservation_l2_q95_std,conservation_l2_max_mean,conservation_l2_max_std,negative_standardized_l1_mean_mean,negative_standardized_l1_mean_std,negative_standardized_l1_q95_mean,negative_standardized_l1_q95_std,mass_violation_rate_mean,mass_violation_rate_std,nonnegative_violation_rate_mean,nonnegative_violation_rate_std,standardized_displacement_l2_mean_mean,standardized_displacement_l2_mean_std,backtracking_rate_mean,backtracking_rate_std,backtracking_alpha_mean_mean,backtracking_alpha_mean_std,backtracking_alpha_min_mean,backtracking_alpha_min_std,fold_count
AdaBoost,adaboost_regressor,Boosting,10000,raw,5.430765722147224,0.34845304495559304,1.988881904042443,0.11194953724994222,5.183955797854629,0.31756674270043805,9.085694232427592,0.5564261193097904,13.54028822615884,1.074388134068338,0.0,0.0,0.0,0.0,1.0,0.0,0.0,0.0,0.9008139190536261,0.032280464669607836,0.003,0.001060660171779821,0.9986202112711011,0.0006481389036753807,0.20057010369565456,0.26518349627835136,5
AdaBoost,adaboost_regressor,Boosting,10000,projected,4.173477639445007e-14,4.2872800502030575e-16,2.0697971304484452e-14,3.7431652029768827e-16,3.632770452653e-14,2.766536479911997e-16,8.527546309475827e-14,2.1084962538794958e-15,1.412745998364749e-13,7.0761943764639155e-15,0.0,0.0,0.0,0.0,0.0,0.0,0.0,0.0,0.9008139190536261,0.032280464669607836,0.003,0.001060660171779821,0.9986202112711011,0.0006481389036753807,0.20057010369565456,0.26518349627835136,5
MLP,ann_deep_regressor,Neural networks,10000,raw,3.0390942878151295,0.6209497343426825,1.9218526552963422,0.3927334769947508,2.6495948278719466,0.5862370678814911,6.512281229926688,1.2490690296017286,20.49385845764023,8.66003747244597,0.04253190455323634,0.0071946440885494,0.17450201235747437,0.014831120227874533,1.0,0.0,0.5858000000000001,0.057070789376002164,0.18911010503675513,0.018872832846791837,0.0,0.0,1.0,0.0,1.0,0.0,5
MLP,ann_deep_regressor,Neural networks,10000,projected,4.253937398302299e-14,5.958326477587119e-16,2.089214995461126e-14,7.281879403211395e-16,3.7731523342912217e-14,7.671389077418865e-16,8.624631490391667e-14,2.8512270172428615e-15,1.4725060698960382e-13,1.838175387468951e-14,0.0,0.0,0.0,0.0,0.0,0.0,0.0,0.0,0.18911010503675513,0.018872832846791837,0.0,0.0,1.0,0.0,1.0,0.0,5
CatBoost,catboost_regressor,Boosting,10000,raw,1.0060259587716183,0.0793398668477246,0.45368309064577445,0.027242640132672108,0.9326023124572256,0.08490007992643428,1.8279455385223635,0.13263742722450084,4.103694417350684,0.3717688270102704,0.06367402911602915,0.006436210670949581,0.28129804992144936,0.01808869576442219,1.0,0.0,0.5906,0.017437029563546654,0.24177769433288948,0.016104536032497035,0.0,0.0,1.0,0.0,1.0,0.0,5
CatBoost,catboost_regressor,Boosting,10000,projected,4.2132729569974995e-14,5.615273594325925e-16,2.0965631753600472e-14,4.693127243682926e-16,3.6947543778429504e-14,9.3690651825952e-16,8.624594758443389e-14,6.470526735102526e-16,1.4232368392517053e-13,1.7613894183773677e-14,0.0,0.0,0.0,0.0,0.0,0.0,0.0,0.0,0.24177769433288948,0.016104536032497035,0.0,0.0,1.0,0.0,1.0,0.0,5
Extra Trees,extra_trees_regressor,Randomized tree ensembles,10000,raw,24.133792323422888,0.8605316327943715,15.30463730940777,0.348823369474697,20.81710940859832,1.1052227735903826,52.74693568838278,1.111979869117464,75.77983435831868,6.010987796644146,0.0,0.0,0.0,0.0,1.0,0.0,0.0,0.0,1.5277039491290023,0.02124737380432082,0.008799999999999999,0.0005700877125495683,0.9959339652032725,0.0003117979002693081,0.08255261462221428,0.08859406296824399,5
Extra Trees,extra_trees_regressor,Randomized tree ensembles,10000,projected,4.2199252239762725e-14,3.585276800254364e-16,2.0868460031506925e-14,5.408973401578726e-16,3.745990628793397e-14,6.58710784248129e-16,8.643388422554225e-14,4.91177731531031e-16,1.5791387946755114e-13,1.3025484363747778e-14,0.0,0.0,0.0,0.0,0.0,0.0,0.0,0.0,1.5277039491290023,0.02124737380432082,0.008799999999999999,0.0005700877125495683,0.9959339652032725,0.0003117979002693081,0.08255261462221428,0.08859406296824399,5
k-NN,knn_regressor,Instance based,10000,raw,23.997821382321938,0.33531947417407826,12.151969186394393,0.1265580814729463,22.201912993422656,0.3034402197078275,46.177469105659384,0.6765595315384139,66.1693432627742,2.739469903106838,0.0,0.0,0.0,0.0,1.0,0.0,0.0,0.0,1.1916732600155036,0.01794880811418686,0.0025,0.0005,0.998713834874701,0.00042704305827444473,0.22035387793483435,0.2384856042155198,5
k-NN,knn_regressor,Instance based,10000,projected,4.218027786335457e-14,5.232882759050689e-16,2.093375231924503e-14,4.972457552854435e-16,3.698709849905493e-14,8.427605290515013e-16,8.575367565487349e-14,1.4005354626792516e-15,1.4967038170659792e-13,8.491632240678359e-15,0.0,0.0,0.0,0.0,0.0,0.0,0.0,0.0,1.1916732600155036,0.01794880811418686,0.0025,0.0005,0.998713834874701,0.00042704305827444473,0.22035387793483435,0.2384856042155198,5
LightGBM,lightgbm_regressor,Boosting,10000,raw,1.2486611632929228,0.02715997585154528,0.654925988490359,0.01826601814560349,1.1198212083054147,0.026095670430415368,2.4826567995867705,0.068927396095631,5.582541477228345,0.6407865419454526,0.03062740078759425,0.007987223271032816,0.16123751034780764,0.03977405830148248,1.0,0.0,0.3895,0.027438567746877755,0.3011310011137579,0.007437679890161835,0.0,0.0,1.0,0.0,1.0,0.0,5
LightGBM,lightgbm_regressor,Boosting,10000,projected,4.279290857441387e-14,5.827869938754549e-16,2.124238346878614e-14,2.699379536722265e-16,3.804888248590259e-14,1.404327201113631e-15,8.692537452003078e-14,8.527348210144555e-16,1.4771730913944233e-13,7.627644788206612e-15,0.0,0.0,0.0,0.0,0.0,0.0,0.0,0.0,0.3011310011137579,0.007437679890161835,0.0,0.0,1.0,0.0,1.0,0.0,5
Multi-task Elastic Net,multitask_elastic_net_regressor,Interpretable models,10000,raw,0.1632325093594999,0.05348084791983906,0.06700636573217544,0.02116897087256657,0.158896638540434,0.05336500319278579,0.2712144416718741,0.08647874732735603,0.30285895312842837,0.09688035523201252,0.5139738317089173,0.021819927317402548,2.0012440351533147,0.0885840549778899,1.0,0.0,0.7106,0.008919080670113932,0.4816778334532321,0.014944690236226545,0.0,0.0,1.0,0.0,1.0,0.0,5
Multi-task Elastic Net,multitask_elastic_net_regressor,Interpretable models,10000,projected,4.170754301362937e-14,2.285055800981021e-16,2.0834701740761156e-14,2.5046237887405577e-16,3.651671203862663e-14,5.876673791345451e-16,8.566948578070894e-14,1.1465876675749842e-15,1.4553218246696343e-13,1.1389801575101818e-14,0.0,0.0,0.0,0.0,0.0,0.0,0.0,0.0,0.4816778334532321,0.014944690236226545,0.0,0.0,1.0,0.0,1.0,0.0,5
Multi-task Lasso,multitask_lasso_regressor,Interpretable models,10000,raw,0.16679980007105666,0.03426439625011925,0.06834822494848235,0.013252652718561814,0.16232633350147188,0.034718499812123625,0.2769929945454282,0.05438751197941197,0.309476248516903,0.061541537522614986,0.5138294525926679,0.021592699456645468,2.0007024978129566,0.08835103472433732,1.0,0.0,0.7105,0.008522030274529626,0.4817452005567759,0.014941308620711722,0.0,0.0,1.0,0.0,1.0,0.0,5
Multi-task Lasso,multitask_lasso_regressor,Interpretable models,10000,projected,4.12768905971217e-14,3.1224488240229024e-16,2.0602763165039802e-14,5.454932261539967e-16,3.62692094687592e-14,2.9144845419262203e-16,8.375003258415364e-14,2.4029025366969794e-15,1.4812839499175272e-13,1.6088534430244138e-14,0.0,0.0,0.0,0.0,0.0,0.0,0.0,0.0,0.4817452005567759,0.014941308620711722,0.0,0.0,1.0,0.0,1.0,0.0,5
PLS,pls_regressor,Interpretable models,10000,raw,21.337122583167442,2.6829786945510916,12.641074065530944,2.360955819888534,18.310067252702574,2.0752125863692377,45.532515979633224,7.077965501907882,75.66660853037497,15.0202152196139,0.34741025681756027,0.016089794644511726,1.6790768222199575,0.08217066031204329,1.0,0.0,0.5431,0.008256815366713749,1.8076872617112791,0.03288356995100594,0.0093,0.002307596151842865,0.9956698005055085,0.0010573418169625675,0.010815624255784194,0.01745098392289666,5
PLS,pls_regressor,Interpretable models,10000,projected,4.1939501688969945e-14,3.9921252352128144e-16,2.1101904367176808e-14,5.198919692191747e-16,3.6723949307235924e-14,8.867032398034865e-16,8.639121578227437e-14,6.857826956759347e-16,1.4565213958028892e-13,6.026605519556672e-16,0.0,0.0,0.0,0.0,0.0,0.0,0.0,0.0,1.8076872617112791,0.03288356995100594,0.0093,0.002307596151842865,0.9956698005055085,0.0010573418169625675,0.010815624255784194,0.01745098392289666,5
Random Forest,random_forest_regressor,Randomized tree ensembles,10000,raw,15.62416533402517,0.24473958865303397,5.780709980327674,0.2472069889135293,14.92001724004451,0.2219666924329135,26.24661472135342,0.7873396958720578,42.94494645965254,4.583969712348159,0.0,0.0,0.0,0.0,1.0,0.0,0.0,0.0,2.002453677855163,0.034986578831170734,0.0142,0.0014832396974191323,0.9943348103491166,0.0005483953277404779,0.06181646917529273,0.05266318329675665,5
Random Forest,random_forest_regressor,Randomized tree ensembles,10000,projected,4.244620952482197e-14,3.6954489696262237e-16,2.1310099469693533e-14,6.239724459250099e-16,3.7153946903404387e-14,7.297040800202955e-16,8.721357174171894e-14,1.0968205294292939e-15,1.526737928715121e-13,1.2146400298205637e-14,0.0,0.0,0.0,0.0,0.0,0.0,0.0,0.0,2.002453677855163,0.034986578831170734,0.0142,0.0014832396974191323,0.9943348103491166,0.0005483953277404779,0.06181646917529273,0.05266318329675665,5
SVR,svr_regressor,Kernel,10000,raw,3.275801384272994,0.07707799841415665,2.6566307942634437,0.11902316374839919,2.4939799448427853,0.06230127062105545,8.679231750142597,0.343991281997615,22.74918111008997,2.522597992732168,0.22218868212257412,0.012109502256134507,0.7402834403896956,0.045798528222084446,1.0,0.0,0.7678,0.014254823744964324,0.3632740006893152,0.011215486376067311,0.0001,0.000223606797749979,0.9999832011177489,3.75634426594236e-05,0.966402235497856,0.07512688531882337,5
SVR,svr_regressor,Kernel,10000,projected,4.214211296992084e-14,4.995504538507766e-16,2.0838792251448567e-14,5.462959006575295e-16,3.717596547429015e-14,8.096516827245277e-16,8.54495477660396e-14,1.6338402583235273e-15,1.4705340825358473e-13,6.485679681172396e-15,0.0,0.0,0.0,0.0,0.0,0.0,0.0,0.0,0.3632740006893152,0.011215486376067311,0.0001,0.000223606797749979,0.9999832011177489,3.75634426594236e-05,0.966402235497856,0.07512688531882337,5
TabNet,tabnet_regressor,Neural networks,10000,raw,7.239300865945379,1.0855906255657946,6.074614414795419,1.45737070222279,6.2023394802356515,1.2593726794111741,13.766955542638277,1.860238852711821,92.3491968512263,10.444379338460616,0.08272015334281638,0.029845898361059716,0.34635126557617607,0.08292358621510121,1.0,0.0,0.6048,0.11815117434879775,0.5445931128653737,0.04695656138075843,0.0004,0.00041833001326703777,0.9997397796207107,0.0003092107163083338,0.549374740334351,0.5120425188519092,5
TabNet,tabnet_regressor,Neural networks,10000,projected,4.237753562663864e-14,3.432564310568653e-16,2.0905655499391368e-14,5.145546575900603e-16,3.743321788110997e-14,3.251337104668477e-16,8.620736430477285e-14,1.7141563459157305e-15,1.3857907849680595e-13,8.474647909909182e-15,0.0,0.0,0.0,0.0,0.0,0.0,0.0,0.0,0.5445931128653737,0.04695656138075843,0.0004,0.00041833001326703777,0.9997397796207107,0.0003092107163083338,0.549374740334351,0.5120425188519092,5
XGBoost,xgboost_regressor,Boosting,10000,raw,1.3770688396595498,0.09825622936139486,0.6673533117524066,0.03456439505315552,1.2592580044261943,0.09900719052425186,2.607663489358454,0.15973724574583234,6.202809924303969,1.0542940038090685,0.026690839487084395,0.008123127756437207,0.13947069584457625,0.035703394706588114,1.0,0.0,0.39720000000000005,0.06054192762045159,0.3002643510132572,0.011250579082727568,0.0,0.0,1.0,0.0,1.0,0.0,5
XGBoost,xgboost_regressor,Boosting,10000,projected,4.247420449839334e-14,2.6664192721329884e-16,2.105357142456137e-14,5.307063764970654e-16,3.766140657544807e-14,7.367288093166639e-16,8.517873709212368e-14,1.971124758378812e-15,1.479540371006541e-13,3.535321663098512e-15,0.0,0.0,0.0,0.0,0.0,0.0,0.0,0.0,0.3002643510132572,0.011250579082727568,0.0,0.0,1.0,0.0,1.0,0.0,5
