model,model_key,model_category,regime,split,prediction_type,setup_seconds,search_seconds,raw_latency_ms_per_sample,projection_latency_ms_per_sample,end_to_end_latency_ms_per_sample,maximum_repeated_prediction_difference,nMSE,nRMSE,nMAE,macro_R2,mass_violation_rate,nonnegative_violation_rate
XGBoost,xgboost_regressor,Boosting,severe,ood,raw,7.674238999839872,3663.236434,0.0350461912148603,0.07661113272661169,0.13365029303713527,0.0,0.742020205591716,0.8614059470375834,0.29402168773919135,0.8054021024282528,1.0,0.41833333333333333
XGBoost,xgboost_regressor,Boosting,severe,ood,projected,7.674238999839872,3663.236434,0.0350461912148603,0.07661113272661169,0.13365029303713527,0.0,0.728107144239176,0.8532919454906251,0.29230962576206365,0.8047765042438199,0.0,0.0
LightGBM,lightgbm_regressor,Boosting,severe,ood,raw,3.7262947999406606,1154.302386,0.0835509765693132,0.10291083981428528,0.17200898446390056,0.0,0.7198688448117698,0.8484508499682052,0.29157002032768714,0.8073634813301436,1.0,0.45
LightGBM,lightgbm_regressor,Boosting,severe,ood,projected,3.7262947999406606,1154.302386,0.0835509765693132,0.10291083981428528,0.17200898446390056,0.0,0.7085943029599603,0.8417804363133894,0.29023565251484673,0.8059459425992564,0.0,0.0
CatBoost,catboost_regressor,Boosting,severe,ood,raw,32.809621000196785,6681.289167,0.06336162118714128,0.08201972673305136,0.13379433607951796,0.0,0.6991228753109611,0.8361356799652561,0.28222305821667176,0.8170543194924214,1.0,0.625
CatBoost,catboost_regressor,Boosting,severe,ood,projected,32.809621000196785,6681.289167,0.06336162118714128,0.08201972673305136,0.13379433607951796,0.0,0.6851586479285501,0.8277431050323223,0.2785351036161786,0.8170037456928372,0.0,0.0
AdaBoost,adaboost_regressor,Boosting,severe,ood,raw,17.109324200078845,6482.252217,0.7656716795736429,0.06969345713514485,0.7978311521128489,0.0,1.0725441170140557,1.0356370585364623,0.5441034038826836,0.601906188139324,1.0,0.0
AdaBoost,adaboost_regressor,Boosting,severe,ood,projected,17.109324200078845,6482.252217,0.7656716795736429,0.06969345713514485,0.7978311521128489,0.0,1.2962068474512058,1.1385108025184503,0.5520368781478323,0.5673733262296017,0.0,0.0
Random Forest,random_forest_regressor,Randomized tree ensembles,severe,ood,raw,9.92184039996937,2144.627226,0.1768041990999336,0.07111289050953928,0.2461674807818781,1.7053025658242404e-13,1.5428755807750814,1.2421254287611543,0.6549590152358402,0.384888056286535,1.0,0.0
Random Forest,random_forest_regressor,Randomized tree ensembles,severe,ood,projected,9.92184039996937,2144.627226,0.1768041990999336,0.07111289050953928,0.2461674807818781,1.7053025658242404e-13,2.218289768112667,1.489392415756394,0.6769599978999139,0.22451667731679126,0.0,0.0
Extra Trees,extra_trees_regressor,Randomized tree ensembles,severe,ood,raw,3.086806599982083,892.794828,0.15738642582618922,0.06640546871494735,0.23162158208833716,5.684341886080802e-14,1.175442976197892,1.0841784798629293,0.5381157337841599,0.5584785197703829,1.0,0.0
Extra Trees,extra_trees_regressor,Randomized tree ensembles,severe,ood,projected,3.086806599982083,892.794828,0.15738642582618922,0.06640546871494735,0.23162158208833716,5.684341886080802e-14,1.492614087603035,1.2217258643423388,0.49442556655478676,0.5690100127202522,0.0,0.0
SVR,svr_regressor,Kernel,severe,ood,raw,79.41830080002546,15418.253462,2.166281250083557,0.06587207030861464,2.1648063475367962,0.0,0.9771748972240839,0.9885215714510655,0.4256075547120015,0.7046840916126762,1.0,0.7216666666666667
SVR,svr_regressor,Kernel,severe,ood,projected,79.41830080002546,15418.253462,2.166281250083557,0.06587207030861464,2.1648063475367962,0.0,0.8994284985927278,0.948382042529659,0.3681644232016232,0.7494981195392423,0.0,0.0
k-NN,knn_regressor,Instance based,severe,ood,raw,0.0481131998822093,131.613833,0.1492164062710799,0.06774843768653227,0.21729257832703297,0.0,1.2385203346894755,1.1128882849097996,0.5369588670820037,0.5685654711960684,1.0,0.0
k-NN,knn_regressor,Instance based,severe,ood,projected,0.0481131998822093,131.613833,0.1492164062710799,0.06774843768653227,0.21729257832703297,0.0,1.315896928197003,1.1471255067328086,0.490989484073976,0.5892557794933968,0.0,0.0
PLS,pls_regressor,Interpretable models,severe,ood,raw,0.19168619997799397,39.027297,0.0007426756383210886,0.06522802732433775,0.06621064426326484,0.0,1.6042993784960935,1.2666094024979024,0.7430627892262877,0.28638458827965574,1.0,0.8733333333333333
PLS,pls_regressor,Interpretable models,severe,ood,projected,0.19168619997799397,39.027297,0.0007426756383210886,0.06522802732433775,0.06621064426326484,0.0,1.4165348013983117,1.1901826756419838,0.5505531028860431,0.496764841719849,0.0,0.0
Multi-task Elastic Net,multitask_elastic_net_regressor,Interpretable models,severe,ood,raw,0.04508209996856749,11.856591,0.0006860352641524514,0.06694121088912652,0.06812978540438053,0.0,1.3128784266477806,1.1458090707651867,0.6112921019412564,0.4908527745188648,1.0,0.9566666666666667
Multi-task Elastic Net,multitask_elastic_net_regressor,Interpretable models,severe,ood,projected,0.04508209996856749,11.856591,0.0006860352641524514,0.06694121088912652,0.06812978540438053,0.0,1.0894716916032146,1.043777606390947,0.46175071398291373,0.6448535790952685,0.0,0.0
Multi-task Lasso,multitask_lasso_regressor,Interpretable models,severe,ood,raw,0.06092830002307892,10.368786,0.0006749999101884896,0.06527373034259654,0.0672349608521472,0.0,1.3130217002686246,1.1458715897816059,0.6113581583046228,0.4907361126983968,1.0,0.9566666666666667
Multi-task Lasso,multitask_lasso_regressor,Interpretable models,severe,ood,projected,0.06092830002307892,10.368786,0.0006749999101884896,0.06527373034259654,0.0672349608521472,0.0,1.0894677947157831,1.0437757396662288,0.461755303768725,0.6448446839291996,0.0,0.0
MLP,ann_deep_regressor,Neural networks,severe,ood,raw,12.915053699864075,4313.386202,0.003491015377221629,0.06549248041665123,0.07032333996903617,0.0,0.28209771505936587,0.5311287179765051,0.2007609561306965,0.9261449932713314,1.0,0.85
MLP,ann_deep_regressor,Neural networks,severe,ood,projected,12.915053699864075,4313.386202,0.003491015377221629,0.06549248041665123,0.07032333996903617,0.0,0.2711695391748572,0.5207394158068479,0.17333749057126693,0.9320185939185425,0.0,0.0
TabNet,tabnet_regressor,Neural networks,severe,ood,raw,24.412628599908203,7065.680563,0.01870078153842769,0.06639873049607559,0.1274548826586397,0.0,0.3166044515849086,0.5626761516049072,0.2965191931195681,0.8578280427261857,1.0,0.76
TabNet,tabnet_regressor,Neural networks,severe,ood,projected,24.412628599908203,7065.680563,0.01870078153842769,0.06639873049607559,0.1274548826586397,0.0,0.29889149917596713,0.5467097028368594,0.261530550626472,0.8710475486939984,0.0,0.0
