model,model_key,model_category,sample_size,setup_seconds_mean,setup_seconds_std,search_seconds_mean,search_seconds_std,raw_latency_ms_per_sample_mean,raw_latency_ms_per_sample_std,projection_latency_ms_per_sample_mean,projection_latency_ms_per_sample_std,end_to_end_latency_ms_per_sample_mean,end_to_end_latency_ms_per_sample_std,maximum_repeated_prediction_difference_mean,maximum_repeated_prediction_difference_std,fold_count
XGBoost,xgboost_regressor,Boosting,10000,12.457688499987125,4.648023591934602,3810.9499614,547.5486941210213,0.05965222653685487,0.002172679662640561,0.09755796872923383,0.014584989817717709,0.16486458971485263,0.010264755525816734,0.0,0.0,5
LightGBM,lightgbm_regressor,Boosting,10000,3.956653760001063,0.8284553958227633,1126.0372763999999,148.4233795636592,0.09714314460325113,0.019041084607833266,0.08402083985856734,0.012286874482387543,0.19735316413971304,0.013914887801201961,0.0,0.0,5
CatBoost,catboost_regressor,Boosting,10000,33.30343276001513,5.027976098665124,8165.419130599999,479.6594362796327,0.06769437495677266,0.00578606811186061,0.12349273447398446,0.051692262535627094,0.19971339843323221,0.051807626291817024,0.0,0.0,5
AdaBoost,adaboost_regressor,Boosting,10000,18.547623000014575,6.043185425289957,5894.1438142,590.0668351100951,1.0309734570910223,0.26724409030413476,0.09012414061544405,0.04110350162244365,1.1101032032001967,0.29611283039714936,0.0,0.0,5
Random Forest,random_forest_regressor,Randomized tree ensembles,10000,6.886862639943137,0.6432891326877627,1452.3271602,126.79371059380176,0.13755707027485187,0.001810350689719017,0.06814933590248984,0.004296956189628679,0.21170333993723034,0.008470291746590664,1.9895196601282805e-13,5.317214951750687e-14,5
Extra Trees,extra_trees_regressor,Randomized tree ensembles,10000,2.832168119959533,0.6049804095045722,705.2133512,97.84190572928155,0.146078828129248,0.021286925192642726,0.10531675779930083,0.045311212156539306,0.2483983984348015,0.06662464245639561,5.684341886080802e-14,0.0,5
SVR,svr_regressor,Kernel,10000,56.02062479997985,12.93778932934394,11082.7690802,1899.8336691623879,1.8736324218934897,0.0927162637394773,0.09219992189173354,0.041936619560329014,2.0008387499728997,0.20429994984146205,0.0,0.0,5
k-NN,knn_regressor,Instance based,10000,0.02518527996726334,0.012660906601299394,99.3437014,29.671283339253577,0.15743695312266937,0.0966865348722863,0.14013433592481306,0.0028561298348932424,0.3147982226437307,0.10722196844899702,0.0,0.0,5
PLS,pls_regressor,Interpretable models,10000,0.16609252006746827,0.07475082415197588,48.750897800000004,7.164598031950689,0.0010155468316952465,0.00025756883529313507,0.1441669922314759,0.012852877910052053,0.15150101553444983,0.007297974648117437,0.0,0.0,5
Multi-task Elastic Net,multitask_elastic_net_regressor,Interpretable models,10000,0.024249979993328452,0.00388286603770708,15.5933898,0.2226894300381148,0.0010551366813160712,0.0005257366685517068,0.14062615218790597,0.011684803692882047,0.14926816411389154,0.012160379188767095,0.0,0.0,5
Multi-task Lasso,multitask_lasso_regressor,Interpretable models,10000,0.027268380019813777,0.006327581430104822,14.212405799999999,0.2957206755465371,0.001027382813845179,0.0007732479684526894,0.13868994142285374,0.016070532295524072,0.14469042971541057,0.010568785402705028,0.0,0.0,5
MLP,ann_deep_regressor,Neural networks,10000,20.45862157996744,10.824326454165869,5016.2393162,1298.026502896601,0.0047414844630111475,0.003246521997963477,0.11510271492625179,0.0461786037644337,0.1071147265520267,0.04687066582414445,0.0,0.0,5
TabNet,tabnet_regressor,Neural networks,10000,24.731401640037074,4.058959197800638,5971.0426886000005,215.0162774756374,0.023468203198717674,0.005107757096937246,0.13981583988424973,0.0409943200193946,0.11696318360918667,0.013884608106189775,0.0,0.0,5
