model,model_key,model_category,coefficient_scale,feature,S_O,S_F,S_A,S_NH4,S_NO2,S_NO3,S_N2,S_PO4,S_I,S_ALK,X_I,X_S,X_H,X_PAO,X_PP,X_PHA,X_AOB,X_NOB,X_MeP,X_MeOH,row_l2_norm,active_at_1e-12
Multi-task Elastic Net,multitask_elastic_net_regressor,Interpretable models,standardized_feature_to_standardized_target,HRT,0.4605013839994178,-0.2521010872735284,-0.2818476002853292,-0.5082849766497763,0.0224323665442093,0.5178928314960358,-0.1381295399579669,-0.2473962363444402,-3.1367293685392126e-05,-0.018227025719068,0.1126272462319389,-0.6101313137034312,0.2087630020485322,0.0544339396858759,0.2710678808853488,-0.4385088187046673,0.1922040100286128,0.1329131234570957,-0.097207946565277,0.1627284773877252,1.3230787666387305,True
Multi-task Elastic Net,multitask_elastic_net_regressor,Interpretable models,standardized_feature_to_standardized_target,Aeration,0.624245274240375,0.0867687159982154,-0.3859213591574897,-0.4220600987522986,0.1223244329088267,0.5420751605486144,-0.4756240033477459,-0.3433306341030215,2.768136070806591e-05,-0.0181327220043776,0.013491451604286,-0.2737731960046953,0.2889709670036924,0.0495776806200142,0.3831925278900735,-0.4083120190048772,0.2483092054949998,0.1948879038406044,-0.1221517360443633,0.2044196671010243,1.4172194695352442,True
Multi-task Elastic Net,multitask_elastic_net_regressor,Interpretable models,standardized_feature_to_standardized_target,In_S_O,0.0054635643779713,0.0150931906076787,-0.0064354874056479,-0.0046456217054947,-0.0028310828693619,0.0029589072231707,0.0029981903821784,-0.0010890593110399,-2.200992442091212e-05,-0.0001420557423633,0.000262800562596,-0.0081799013158031,0.0044606969710569,0.0015737885093736,0.001016309463174,-7.874656156891414e-06,0.0016109452554839,0.0010394836668892,-0.0026200968144473,0.004437887363523,0.0216388795141064,True
Multi-task Elastic Net,multitask_elastic_net_regressor,Interpretable models,standardized_feature_to_standardized_target,In_S_F,-0.1345264037757805,0.1304015708696826,0.281203675279203,0.045232516736253,-0.1392401090294814,-0.1752416497945487,0.1339900686866778,0.0938557261978525,3.256194348599063e-05,0.0048115765682448,0.0244218549771703,0.0374433656443406,0.4334649937297603,-0.0374518987403522,-0.1891921954241074,0.1934008879595661,-0.112001370785983,-0.0438395927901639,0.0162560578919325,-0.0273328050102955,0.6878040197140858,True
Multi-task Elastic Net,multitask_elastic_net_regressor,Interpretable models,standardized_feature_to_standardized_target,In_S_A,-0.0662146603068412,0.0291855795590605,0.1186227061245621,0.0224266600605746,-0.0547763138796931,-0.0821312284251181,0.0568194064649335,0.0674268750594092,-4.407282846776131e-06,0.0023441842787103,0.0102564394568498,2.217593667738925e-05,0.1754524485474001,0.0353513414124122,-0.1192618901529637,0.1957585890162381,-0.0509564137250783,-0.0212145470108882,0.0245058963850399,-0.0409871585338976,0.3568573729173929,True
Multi-task Elastic Net,multitask_elastic_net_regressor,Interpretable models,standardized_feature_to_standardized_target,In_S_NH4,-0.3357765641351757,-0.1872215503271818,-0.0023450452062566,0.5467682557471089,0.3747473329179218,0.1684857669393747,0.3152046471373748,-0.0114527708827728,3.3025691630724104e-05,-0.0126977143516678,0.0016265833383536,0.0142009032147931,0.0111358041227745,0.0317654057240558,0.0077993376469163,-0.1027516436231503,0.3124435249216004,0.0850958483806392,-0.008375566742197,0.0139702619223176,0.9123112883966218,True
Multi-task Elastic Net,multitask_elastic_net_regressor,Interpretable models,standardized_feature_to_standardized_target,In_S_NO2,-0.0039838997078549,-0.0014939990415025,-0.0337772067001158,-0.0037766878909986,0.052181636952957,0.0240112919494668,0.0553954133762989,-0.0109188765475504,3.795896417704808e-05,0.0003558432230881,0.0006049427539523,-0.0133193758253791,0.0169530276891543,0.002900629653081,0.0114215242884018,-0.014120139934681,-0.0003979749099526,0.0108135949344379,-0.0065211906752796,0.010969098762449,0.0935098553931325,True
Multi-task Elastic Net,multitask_elastic_net_regressor,Interpretable models,standardized_feature_to_standardized_target,In_S_NO3,0.0006228796817748,0.0154867303896104,-0.0960037196163314,-0.0243004402539064,0.0840647033098062,0.1209328370363497,0.1060497984834206,-0.0449391242359558,1.3500334296808229e-05,9.046436628626496e-05,0.0018472384088376,-0.0320341693415331,0.0475437569975261,0.0080727096900025,0.0479094322737636,-0.058494419280133,0.0081105226833213,0.013132065544403,-0.0124578028482194,0.0207294399916885,0.2343083387623803,True
Multi-task Elastic Net,multitask_elastic_net_regressor,Interpretable models,standardized_feature_to_standardized_target,In_S_N2,0.0002952350962771,-0.0006343199774127,0.0066680638402601,-0.0047239761254478,0.0115894523864554,0.0046981729194471,0.0902336026095261,0.0029483821444177,-5.8714348464651605e-05,-0.000212872077792,4.795029254255482e-05,0.0051277075814783,-0.0052051696574846,0.0004821808970313,-0.0025489322167853,0.0009728834175749,0.0042676048557256,0.0030060878441876,-0.0009525548894291,0.0016595326230308,0.0920134636995269,True
Multi-task Elastic Net,multitask_elastic_net_regressor,Interpretable models,standardized_feature_to_standardized_target,In_S_PO4,-0.0117984319450925,-0.0035606474028255,0.0021216264564589,-0.0093075034475086,0.0039701362732159,0.0016299723997052,0.0099258545601094,0.5991779201410316,-2.620410389433704e-05,-0.0006865974149286,0.000453964665737,-0.010890746535442,0.0061083443279798,-0.0003824791862861,0.0877935975086624,-0.0128710219539999,0.0062422625151831,0.0033188044872145,0.2763824056418544,-0.4624762626581164,0.8110029378140946,True
Multi-task Elastic Net,multitask_elastic_net_regressor,Interpretable models,standardized_feature_to_standardized_target,In_S_I,-0.0067440501756934,0.0014304459677054,-0.0038993126800792,-0.0028861703677781,0.010849209986842,-0.0008409423651339,-0.0012735646043041,0.001036420873643,0.9976881515660138,-0.000100984679704,-6.207900599315202e-05,-0.0028878467030425,0.0019396322543931,0.0015327890708178,-0.0007118392112677,0.0017926129831149,0.0023506646815985,-0.0009082263126515,-0.0046090750620061,0.0077271515644239,0.9978373153499668,True
Multi-task Elastic Net,multitask_elastic_net_regressor,Interpretable models,standardized_feature_to_standardized_target,In_S_ALK,0.0016659755059544,0.0002122562295423,-0.0011143496791151,0.0015071713711553,0.0007873652354899,-0.002608532438459,0.0026927721283099,0.0034362249725499,-6.88641603950459e-06,0.9972240083185404,-0.0001682860648433,0.0049859354113938,-0.0027950203249011,0.0016981027942289,-0.0030209925194975,-0.0002699364377132,-0.0006641462175452,-0.0015408563197072,-0.0033833278071807,0.0056678333395403,0.99728617213265,True
Multi-task Elastic Net,multitask_elastic_net_regressor,Interpretable models,standardized_feature_to_standardized_target,In_X_I,-0.0008181645153223,-0.0120040531569408,0.0112490139130547,-0.0051465470566129,0.0049254583716945,0.0003899057077153,0.0065420618583933,-0.0039983386760871,2.6522554672475205e-05,-0.0001627836319298,0.9878003187554676,0.0010908033015861,-0.0006820747580858,0.0013803369758921,0.0044815350947306,-0.0083694421244735,0.0033544359753816,0.0004322646774907,0.001405575220572,-0.0024863677781847,0.9880504932540998,True
Multi-task Elastic Net,multitask_elastic_net_regressor,Interpretable models,standardized_feature_to_standardized_target,In_X_S,-0.1433488160441637,0.1009009660618877,0.1040173478487063,0.0422391022445539,-0.1123850270990256,-0.1997168546544586,0.1551400163416741,0.0552861118892767,-1.8540376807452928e-05,0.0049005510200248,0.0279453540886192,0.4701303953586095,0.4587410606104765,-0.0310294575551147,-0.1471902579896729,0.1717596126653542,-0.1126861513962713,-0.0465955290137925,0.0143065763743451,-0.0239666594733621,0.7893188812278078,True
Multi-task Elastic Net,multitask_elastic_net_regressor,Interpretable models,standardized_feature_to_standardized_target,In_X_H,-0.030188577152822,-0.1331911935305664,0.0409092115657198,0.0385856527887571,-0.0318184751792096,-0.0340489709574484,0.0378788095336491,0.0159574833132856,3.060734465041969e-05,0.0014250025324383,0.0253993569184463,-0.0334614557461211,0.4884610230704546,-0.0178469006224809,-0.0134103961442893,-0.0054116086672331,-0.019618908669366,-0.0124150307494531,0.0111201195976383,-0.0185647131366171,0.5172724900506174,True
Multi-task Elastic Net,multitask_elastic_net_regressor,Interpretable models,standardized_feature_to_standardized_target,In_X_PAO,-0.0136818199439758,-0.0271509337294562,-0.029936323524572,0.0116064467079189,-0.007589274536626,-0.0163934998140375,0.0283720175290283,-0.1928300441452134,3.3940024753269906e-05,-0.0002181514483209,0.0072869789349862,0.01145686513129,-0.0509285587868583,0.9718144585831686,0.2659956585623947,-0.0155112100428946,-0.0032932687160268,-0.0045298131224889,-0.132276526088522,0.2212768265982833,1.0606402002813398,True
Multi-task Elastic Net,multitask_elastic_net_regressor,Interpretable models,standardized_feature_to_standardized_target,In_X_PP,-0.000479169981017,-0.0125765594482508,-0.0566484878021707,-0.0104189739679249,0.0169889289748934,-0.0015100373289852,0.0124321329020887,0.3643647003932363,-9.049715086207804e-07,0.0011817957207695,-1.2069997764615225e-06,-0.0053193371872878,-0.0047120473616694,0.0132339469671918,0.5056345880616044,0.1077548774963433,0.006936198302259,0.003806165966873,0.1633725039451678,-0.2733497393641349,0.7110983322906285,True
Multi-task Elastic Net,multitask_elastic_net_regressor,Interpretable models,standardized_feature_to_standardized_target,In_X_PHA,-0.0025237256703706,0.0073279026276762,-0.0008313578991074,0.0029143960064023,-0.0145956066445476,-0.0101113939123929,0.0088783379661097,-0.055477796180962,5.0453966604054095e-05,8.6150433815367e-05,0.0011330717423058,0.0046862004400338,0.0027902323067057,0.0707442381764754,0.0731086082489173,0.3727472362573203,-0.0074308945055819,-0.0030314224985811,-0.0512686173206848,0.0857741625398833,0.4036240558268764,True
Multi-task Elastic Net,multitask_elastic_net_regressor,Interpretable models,standardized_feature_to_standardized_target,In_X_AOB,-0.0557321020899329,0.0560341475011713,0.0045673660191438,-0.1167022582657486,0.1275351635507804,-0.0368819817015753,0.2433941442007998,0.0274692110784876,-1.9057687427458213e-05,-0.0020052572332138,8.57341489504086e-05,0.0182370727794394,-0.0180196980633884,-0.0160087891073622,-0.0310882593094145,0.0803143168178274,0.8062457318484786,-0.0217081348483569,0.0119291455655392,-0.0198908909544698,0.8699901099459263,True
Multi-task Elastic Net,multitask_elastic_net_regressor,Interpretable models,standardized_feature_to_standardized_target,In_X_NOB,-0.0321851698192059,-0.0076345023029669,-0.0064933857174803,0.0261776786676437,-0.2107709259261969,0.0977428929710397,-0.1030932257920442,-0.0057951188922759,-1.0457897728340848e-05,1.971661058983782e-05,0.0011952660167172,0.0015931752546615,0.0072941773305418,-0.0070722515673047,0.0060895069029572,-0.0005741225335015,-0.0194417757528929,0.9310851343796656,0.0017182781321418,-0.0028101717472274,0.9663924767630704,True
Multi-task Elastic Net,multitask_elastic_net_regressor,Interpretable models,standardized_feature_to_standardized_target,In_X_MeP,-0.0012016408289176,0.0084973461203019,0.0074763987555507,-0.0027365934947795,0.0035639658893874,0.0009927205828919,0.0024883530899896,0.0110255723460687,2.5381242396977324e-05,-4.518642132079995e-05,-0.0001515157628116,0.0009307277499578,-0.0027556835281702,0.0007174314540928,0.0060597571545682,-0.0019894632313388,0.0023671332978258,-0.000622347535707,0.5299808162625027,0.1456765512512211,0.5499413329187824,True
Multi-task Elastic Net,multitask_elastic_net_regressor,Interpretable models,standardized_feature_to_standardized_target,In_X_MeOH,0.0015951148421948,-0.0043501185975366,0.0085020059622797,-0.0013892685564451,-0.0026453935621334,0.0040992643157618,-0.0034243692767414,-0.1111433993954495,-1.6756586738893233e-05,-0.0005066908278164,-7.729355615733264e-05,7.134404529904167e-05,-0.0007031837311186,0.0009706147949882,-0.0039403443118913,-0.0066464787239495,0.0003254588209469,0.0028160475132815,0.6352956524862967,0.3959672736120422,0.7569307473114165,True
