model,model_key,model_category,regime,prediction_type,conservation_l2_mean,conservation_l2_std,conservation_l2_median,conservation_l2_q95,conservation_l2_max,mass_violation_rate,nonnegative_violation_rate,standardized_displacement_l2_mean,backtracking_rate,backtracking_alpha_mean,backtracking_alpha_min
XGBoost,xgboost_regressor,Boosting,mild,raw,2.4360804082088254,1.7852178200493862,1.693922761419243,6.197705991374317,8.489369605035117,1.0,0.39166666666666666,0.4661906149817787,0.0,1.0,1.0
XGBoost,xgboost_regressor,Boosting,mild,projected,4.483560906382425e-14,2.1766969977933836e-14,4.0971892881709936e-14,8.925134558316273e-14,1.4511884794742104e-13,0.0,0.0,0.4661906149817787,0.0,1.0,1.0
XGBoost,xgboost_regressor,Boosting,severe,raw,4.51105728989317,4.627900322449722,1.799607728950414,13.229506664576482,16.14539821512907,1.0,0.41833333333333333,0.8027653008642187,0.0,1.0,1.0
XGBoost,xgboost_regressor,Boosting,severe,projected,4.098633779159578e-14,1.958704066530263e-14,3.616527476359785e-14,8.254964720476675e-14,1.2810722958606954e-13,0.0,0.0,0.8027653008642187,0.0,1.0,1.0
LightGBM,lightgbm_regressor,Boosting,mild,raw,2.23959241514879,1.806588542280435,1.475427677758594,6.102062518524193,7.56073758231923,1.0,0.3933333333333333,0.4557068664937126,0.0,1.0,1.0
LightGBM,lightgbm_regressor,Boosting,mild,projected,4.3208800949306663e-14,2.1127106896384888e-14,3.8263897345803626e-14,8.788978738131861e-14,1.2337690232431936e-13,0.0,0.0,0.4557068664937126,0.0,1.0,1.0
LightGBM,lightgbm_regressor,Boosting,severe,raw,4.229541170518714,4.603114426309657,1.4113349410904399,12.696843658348692,15.729743364015157,1.0,0.45,0.7658773255432594,0.0,1.0,1.0
LightGBM,lightgbm_regressor,Boosting,severe,projected,4.162044775642686e-14,2.100541182771197e-14,3.7134284089627915e-14,7.54708907258248e-14,1.718573603063735e-13,0.0,0.0,0.7658773255432594,0.0,1.0,1.0
CatBoost,catboost_regressor,Boosting,mild,raw,2.104460618420535,1.8368265612772454,1.1426122644051542,5.7787508370224066,7.58571884283132,1.0,0.5966666666666667,0.4270175445507013,0.0,1.0,1.0
CatBoost,catboost_regressor,Boosting,mild,projected,4.367077576977676e-14,2.1070101677714963e-14,3.797933623832096e-14,8.675094682469064e-14,1.2909559519567428e-13,0.0,0.0,0.4270175445507013,0.0,1.0,1.0
CatBoost,catboost_regressor,Boosting,severe,raw,4.205034251959454,4.7396093473026735,1.2572100037963772,13.126602384191543,15.050461902204342,1.0,0.625,0.7566214576479406,0.0,1.0,1.0
CatBoost,catboost_regressor,Boosting,severe,projected,4.2295960757077064e-14,2.0172997605307432e-14,3.7006151661820426e-14,8.332703366122477e-14,1.457918565815706e-13,0.0,0.0,0.7566214576479406,0.0,1.0,1.0
AdaBoost,adaboost_regressor,Boosting,mild,raw,6.285841492000977,2.4177217450399744,5.993974565512091,10.975158458357091,14.961674641657094,1.0,0.0,0.9554483702161876,0.0016666666666666668,0.9988965117990316,0.33790707941897485
AdaBoost,adaboost_regressor,Boosting,mild,projected,4.334711594617149e-14,2.295850097261263e-14,3.6503172599912366e-14,9.015864087837071e-14,1.537241597043244e-13,0.0,0.0,0.9554483702161876,0.0016666666666666668,0.9988965117990316,0.33790707941897485
AdaBoost,adaboost_regressor,Boosting,severe,raw,7.884402665374794,3.6531083088990646,7.171932725017364,14.698400227224816,19.13631733391794,1.0,0.0,1.356700482634885,0.01,0.9951970533842524,0.17793560484935286
AdaBoost,adaboost_regressor,Boosting,severe,projected,4.0905311724030705e-14,2.0003653951778963e-14,3.5726411198080296e-14,8.241398517573984e-14,1.2812743333068232e-13,0.0,0.0,1.356700482634885,0.01,0.9951970533842524,0.17793560484935286
Random Forest,random_forest_regressor,Randomized tree ensembles,mild,raw,16.719300645442193,5.772254172394976,16.545051444890667,26.78675699977461,40.183453584080546,1.0,0.0,2.5098255149145796,0.02666666666666667,0.9927475485992443,0.17743561803441055
Random Forest,random_forest_regressor,Randomized tree ensembles,mild,projected,4.3265508760635427e-14,2.011625642998079e-14,3.9740396804963476e-14,8.216202914819371e-14,1.438849039914203e-13,0.0,0.0,2.5098255149145796,0.02666666666666667,0.9927475485992443,0.17743561803441055
Random Forest,random_forest_regressor,Randomized tree ensembles,severe,raw,18.44944695782804,7.057103152192156,18.32818250405925,30.02864193124467,45.23233063022834,1.0,0.0,3.145740723979189,0.02666666666666667,0.9884340872127674,0.027079662391038768
Random Forest,random_forest_regressor,Randomized tree ensembles,severe,projected,4.323318896693115e-14,2.1482393567909594e-14,3.8999318133542243e-14,8.58698815702322e-14,1.6115238087220718e-13,0.0,0.0,3.145740723979189,0.02666666666666667,0.9884340872127674,0.027079662391038768
Extra Trees,extra_trees_regressor,Randomized tree ensembles,mild,raw,23.98072011058524,14.418895637840022,20.986306144247536,50.41556723284849,65.4080344695318,1.0,0.0,1.627996923357649,0.006666666666666667,0.9974783292461539,0.17191014822202982
Extra Trees,extra_trees_regressor,Randomized tree ensembles,mild,projected,4.305584471601694e-14,1.992223678072789e-14,3.970167507521169e-14,8.33450208436155e-14,1.2286432469317235e-13,0.0,0.0,1.627996923357649,0.006666666666666667,0.9974783292461539,0.17191014822202982
Extra Trees,extra_trees_regressor,Randomized tree ensembles,severe,raw,25.23246073019652,15.268181194876377,21.4733751572927,54.67672456225228,74.64298657166871,1.0,0.0,2.139726535315542,0.013333333333333334,0.9918289093188267,0.04045365234112044
Extra Trees,extra_trees_regressor,Randomized tree ensembles,severe,projected,4.254344051623126e-14,2.0788083762133187e-14,3.843360533043801e-14,8.674097227426193e-14,1.432144669219779e-13,0.0,0.0,2.139726535315542,0.013333333333333334,0.9918289093188267,0.04045365234112044
SVR,svr_regressor,Kernel,mild,raw,5.534453117597241,4.570286788594993,4.035365210619821,15.476133068646318,24.681826105944097,1.0,0.72,0.634257400706526,0.0016666666666666668,0.9991766491926328,0.5059895155797173
SVR,svr_regressor,Kernel,mild,projected,4.362913805155805e-14,2.0158217539577964e-14,3.891802844472395e-14,8.651423159652382e-14,1.2853755404141184e-13,0.0,0.0,0.634257400706526,0.0016666666666666668,0.9991766491926328,0.5059895155797173
SVR,svr_regressor,Kernel,severe,raw,11.881063190540473,7.871096823273621,10.426343447998086,27.91914299305258,40.29517863743461,1.0,0.7216666666666667,1.0863649221865936,0.0033333333333333335,0.9999393797477234,0.9648168466501547
SVR,svr_regressor,Kernel,severe,projected,4.1963357461364146e-14,2.045445416437217e-14,3.709141974507642e-14,8.438540279945537e-14,1.4631930782043847e-13,0.0,0.0,1.0863649221865936,0.0033333333333333335,0.9999393797477234,0.9648168466501547
k-NN,knn_regressor,Instance based,mild,raw,26.019867087243444,12.605337910042703,24.813699843564393,47.78423439275945,61.1894678891449,1.0,0.0,1.3955704308684274,0.0016666666666666668,0.9990560917001314,0.43365502007884776
k-NN,knn_regressor,Instance based,mild,projected,4.386787644826545e-14,2.129125251559606e-14,3.950143391273163e-14,8.784169459004904e-14,1.2373444325865533e-13,0.0,0.0,1.3955704308684274,0.0016666666666666668,0.9990560917001314,0.43365502007884776
k-NN,knn_regressor,Instance based,severe,raw,27.50832099912373,12.931158108238172,25.744747675963595,50.22154165667509,73.86434904703958,1.0,0.0,1.753794342268584,0.005,0.996653311986696,0.05574154412491553
k-NN,knn_regressor,Instance based,severe,projected,4.277817299336532e-14,2.101266153668214e-14,3.8495123772993935e-14,8.560484614666732e-14,1.4536851766823678e-13,0.0,0.0,1.753794342268584,0.005,0.996653311986696,0.05574154412491553
PLS,pls_regressor,Interpretable models,mild,raw,21.914122435458047,12.649430428343631,19.061329989448218,47.398671673727584,73.19261027212067,1.0,0.7516666666666667,2.157183896091935,0.01,0.99617841953121,0.22196322733337118
PLS,pls_regressor,Interpretable models,mild,projected,4.2907324756392475e-14,2.2091752057791666e-14,3.649375228684704e-14,9.051752776268764e-14,1.4441027280087337e-13,0.0,0.0,2.157183896091935,0.01,0.99617841953121,0.22196322733337118
PLS,pls_regressor,Interpretable models,severe,raw,24.116602341121645,14.33928293354385,19.907363657926822,51.01655870298086,79.99334040089263,1.0,0.8733333333333333,2.6063146126726298,0.006666666666666667,0.9964525889570867,0.057938168246280376
PLS,pls_regressor,Interpretable models,severe,projected,4.193380978679584e-14,2.1256237009288558e-14,3.607765328308672e-14,8.662626592426826e-14,1.4309323413745522e-13,0.0,0.0,2.6063146126726298,0.006666666666666667,0.9964525889570867,0.057938168246280376
Multi-task Elastic Net,multitask_elastic_net_regressor,Interpretable models,mild,raw,0.12584724477949022,0.050201773976771454,0.12168059805416698,0.20912206383037005,0.22504529894443248,1.0,0.8933333333333333,1.054321677538728,0.0,1.0,1.0
Multi-task Elastic Net,multitask_elastic_net_regressor,Interpretable models,mild,projected,4.2222484726275366e-14,2.0279261562252132e-14,3.751992361630465e-14,8.236059405720147e-14,1.4352259737452865e-13,0.0,0.0,1.054321677538728,0.0,1.0,1.0
Multi-task Elastic Net,multitask_elastic_net_regressor,Interpretable models,severe,raw,0.12764701018246613,0.05062236362480882,0.12435168510444207,0.2084005968976886,0.22868226810398395,1.0,0.9566666666666667,1.696595525569854,0.0,1.0,1.0
Multi-task Elastic Net,multitask_elastic_net_regressor,Interpretable models,severe,projected,4.196730365386777e-14,2.0030759078033628e-14,3.6706498556512454e-14,8.675371007075634e-14,1.2716779685529957e-13,0.0,0.0,1.696595525569854,0.0,1.0,1.0
Multi-task Lasso,multitask_lasso_regressor,Interpretable models,mild,raw,0.1139146927203469,0.04532576014482839,0.1100893332496639,0.18939963702079854,0.20344662921510165,1.0,0.8933333333333333,1.0546285310368735,0.0,1.0,1.0
Multi-task Lasso,multitask_lasso_regressor,Interpretable models,mild,projected,4.219896118379031e-14,2.044866947237307e-14,3.7556307583971175e-14,8.452919896550135e-14,1.231018573909517e-13,0.0,0.0,1.0546285310368735,0.0,1.0,1.0
Multi-task Lasso,multitask_lasso_regressor,Interpretable models,severe,raw,0.11555601387119338,0.04572156705358869,0.11267581365464853,0.18837677460969382,0.20676637851574955,1.0,0.9566666666666667,1.6971419337569784,0.0,1.0,1.0
Multi-task Lasso,multitask_lasso_regressor,Interpretable models,severe,projected,4.18835952955863e-14,1.9752471632290075e-14,3.807904873114147e-14,8.322268450072962e-14,1.182878940378308e-13,0.0,0.0,1.6971419337569784,0.0,1.0,1.0
MLP,ann_deep_regressor,Neural networks,mild,raw,4.500648586764884,2.7090949739941,3.9151788093236854,9.040403642656575,21.43133990155353,1.0,0.7983333333333333,0.3101770928043264,0.0,1.0,1.0
MLP,ann_deep_regressor,Neural networks,mild,projected,4.2529610995474586e-14,2.0488145338043157e-14,3.801488089117494e-14,8.574025406644011e-14,1.4601015705627415e-13,0.0,0.0,0.3101770928043264,0.0,1.0,1.0
MLP,ann_deep_regressor,Neural networks,severe,raw,6.893461235403132,4.060034785132268,6.021419474566002,14.999398321794688,24.822384240351052,1.0,0.85,0.5166556730332557,0.0,1.0,1.0
MLP,ann_deep_regressor,Neural networks,severe,projected,4.308912444432089e-14,2.159618438597924e-14,3.692088357856443e-14,8.680552612979835e-14,1.3649080239232024e-13,0.0,0.0,0.5166556730332557,0.0,1.0,1.0
TabNet,tabnet_regressor,Neural networks,mild,raw,8.303105607254638,5.591178419202112,7.0089866010877895,18.79412055502317,58.56611446575189,1.0,0.655,0.6588045820891334,0.0,1.0,1.0
TabNet,tabnet_regressor,Neural networks,mild,projected,4.335120727904062e-14,2.1351887830872986e-14,3.8275490515563433e-14,8.675309669653752e-14,1.29226144810652e-13,0.0,0.0,0.6588045820891334,0.0,1.0,1.0
TabNet,tabnet_regressor,Neural networks,severe,raw,10.35168105246871,6.536406542109867,9.152488596719957,23.006090327033515,54.965123610233526,1.0,0.76,0.8358431639327897,0.0,1.0,1.0
TabNet,tabnet_regressor,Neural networks,severe,projected,4.121975222871707e-14,2.055098301766488e-14,3.6230712748823524e-14,8.404244136230497e-14,1.219491934586962e-13,0.0,0.0,0.8358431639327897,0.0,1.0,1.0
