model,model_key,model_category,regime,split,setup_seconds,search_seconds,raw_latency_ms_per_sample,projection_latency_ms_per_sample,end_to_end_latency_ms_per_sample,maximum_repeated_prediction_difference
XGBoost,xgboost_regressor,Boosting,mild,ood,7.674238999839872,3663.236434,0.03654082024695526,0.07991396478246315,0.13044765591985197,0.0
XGBoost,xgboost_regressor,Boosting,severe,ood,7.674238999839872,3663.236434,0.0350461912148603,0.07661113272661169,0.13365029303713527,0.0
LightGBM,lightgbm_regressor,Boosting,mild,ood,3.7262947999406606,1154.302386,0.08062373035500059,0.07313457012969593,0.17831923833000474,0.0
LightGBM,lightgbm_regressor,Boosting,severe,ood,3.7262947999406606,1154.302386,0.0835509765693132,0.10291083981428528,0.17200898446390056,0.0
CatBoost,catboost_regressor,Boosting,mild,ood,32.809621000196785,6681.289167,0.06770390632482304,0.0675367186886433,0.13946181616120157,0.0
CatBoost,catboost_regressor,Boosting,severe,ood,32.809621000196785,6681.289167,0.06336162118714128,0.08201972673305136,0.13379433607951796,0.0
AdaBoost,adaboost_regressor,Boosting,mild,ood,17.109324200078845,6482.252217,0.7083258788043167,0.07866289070079802,0.8615342771918222,0.0
AdaBoost,adaboost_regressor,Boosting,severe,ood,17.109324200078845,6482.252217,0.7656716795736429,0.06969345713514485,0.7978311521128489,0.0
Random Forest,random_forest_regressor,Randomized tree ensembles,mild,ood,9.92184039996937,2144.627226,0.1591702148289187,0.07076689462337526,0.24467392563565227,2.2737367544323206e-13
Random Forest,random_forest_regressor,Randomized tree ensembles,severe,ood,9.92184039996937,2144.627226,0.1768041990999336,0.07111289050953928,0.2461674807818781,1.7053025658242404e-13
Extra Trees,extra_trees_regressor,Randomized tree ensembles,mild,ood,3.086806599982083,892.794828,0.20384638696668844,0.06753740262865904,0.22615312491325312,5.684341886080802e-14
Extra Trees,extra_trees_regressor,Randomized tree ensembles,severe,ood,3.086806599982083,892.794828,0.15738642582618922,0.06640546871494735,0.23162158208833716,5.684341886080802e-14
SVR,svr_regressor,Kernel,mild,ood,79.41830080002546,15418.253462,2.201905273295779,0.07262041026478983,2.2818531249413354,0.0
SVR,svr_regressor,Kernel,severe,ood,79.41830080002546,15418.253462,2.166281250083557,0.06587207030861464,2.1648063475367962,0.0
k-NN,knn_regressor,Instance based,mild,ood,0.0481131998822093,131.613833,0.1446687499537802,0.06653417972302123,0.21230673814898182,0.0
k-NN,knn_regressor,Instance based,severe,ood,0.0481131998822093,131.613833,0.1492164062710799,0.06774843768653227,0.21729257832703297,0.0
PLS,pls_regressor,Interpretable models,mild,ood,0.19168619997799397,39.027297,0.0007754881607979769,0.06705966779918526,0.06832734356976289,0.0
PLS,pls_regressor,Interpretable models,severe,ood,0.19168619997799397,39.027297,0.0007426756383210886,0.06522802732433775,0.06621064426326484,0.0
Multi-task Elastic Net,multitask_elastic_net_regressor,Interpretable models,mild,ood,0.04508209996856749,11.856591,0.0006943362222955329,0.06828027358096733,0.06798134768359887,0.0
Multi-task Elastic Net,multitask_elastic_net_regressor,Interpretable models,severe,ood,0.04508209996856749,11.856591,0.0006860352641524514,0.06694121088912652,0.06812978540438053,0.0
Multi-task Lasso,multitask_lasso_regressor,Interpretable models,mild,ood,0.06092830002307892,10.368786,0.0006928710263309767,0.0671994141612231,0.06941943365745828,0.0
Multi-task Lasso,multitask_lasso_regressor,Interpretable models,severe,ood,0.06092830002307892,10.368786,0.0006749999101884896,0.06527373034259654,0.0672349608521472,0.0
MLP,ann_deep_regressor,Neural networks,mild,ood,12.915053699864075,4313.386202,0.0035227542412030743,0.06812607421124994,0.07169970695031225,0.0
MLP,ann_deep_regressor,Neural networks,severe,ood,12.915053699864075,4313.386202,0.003491015377221629,0.06549248041665123,0.07032333996903617,0.0
TabNet,tabnet_regressor,Neural networks,mild,ood,24.412628599908203,7065.680563,0.01872568373073591,0.06924248054929194,0.10947890632451163,0.0
TabNet,tabnet_regressor,Neural networks,severe,ood,24.412628599908203,7065.680563,0.01870078153842769,0.06639873049607559,0.1274548826586397,0.0
