model,model_key,model_category,regime,split,prediction_type,composite,unit,MSE,RMSE,MAE,bias,maximum_absolute_error,R2
XGBoost,xgboost_regressor,Boosting,mild,ood,raw,COD,g COD/m^3,506.67067917561354,22.509346484862984,15.552530425872828,-8.276924013050706,78.77238993377864,0.9419532765008634
XGBoost,xgboost_regressor,Boosting,mild,ood,raw,TN,g N/m^3,33.10032152143848,5.753287887933167,4.1214464304632115,-2.4438954957393264,23.490906719439543,0.8690748733126157
XGBoost,xgboost_regressor,Boosting,mild,ood,raw,TP,g P/m^3,0.9451964601882756,0.9722121477271695,0.7173647117363148,0.1533105395209353,5.448490326648553,0.9816056287071565
XGBoost,xgboost_regressor,Boosting,mild,ood,raw,TSS,g TSS/m^3,269.5131528221705,16.4168557532242,11.933245304156435,-6.081997675212747,61.74747302630584,0.9373184368321877
XGBoost,xgboost_regressor,Boosting,mild,ood,projected,COD,g COD/m^3,919.3266508747269,30.32039991284295,21.895817830423905,-7.032660879707828,143.83847622166928,0.8946773474329732
XGBoost,xgboost_regressor,Boosting,mild,ood,projected,TN,g N/m^3,10.834999837956307,3.291656093512247,2.012164381804462,-0.4443342070611931,18.854567213721673,0.9571432040162078
XGBoost,xgboost_regressor,Boosting,mild,ood,projected,TP,g P/m^3,1.6823403586737126e-07,0.0004101634258041193,0.0002478665269150415,-2.1183988716482933e-05,0.0029457191729207466,0.9999999967260147
XGBoost,xgboost_regressor,Boosting,mild,ood,projected,TSS,g TSS/m^3,537.6345852276695,23.186948596735828,16.94569828503111,-5.467687663915288,109.84308060007407,0.8749605506734418
XGBoost,xgboost_regressor,Boosting,severe,ood,raw,COD,g COD/m^3,2839.2989471464307,53.28507246074111,34.79758682659617,-23.396930287200245,168.85748101434672,0.7859188823080977
XGBoost,xgboost_regressor,Boosting,severe,ood,raw,TN,g N/m^3,160.85372880167307,12.68281233802949,8.602037662196507,-6.933147334879039,38.80161052814237,0.6198941332494944
XGBoost,xgboost_regressor,Boosting,severe,ood,raw,TP,g P/m^3,1.0303495158707143,1.0150613360140925,0.7628981070283508,0.09723234059251541,5.158389315087071,0.9783847115448
XGBoost,xgboost_regressor,Boosting,severe,ood,raw,TSS,g TSS/m^3,1363.9657132148195,36.93190643894273,24.991005522160517,-15.695663322958803,116.8054399831446,0.7683718538564799
XGBoost,xgboost_regressor,Boosting,severe,ood,projected,COD,g COD/m^3,3866.0056156442656,62.17721138523555,46.00172617887942,-12.157194298084313,193.2441416950786,0.7085059310038158
XGBoost,xgboost_regressor,Boosting,severe,ood,projected,TN,g N/m^3,22.99064400876666,4.794855994580719,2.9625613765497714,-0.9508884767956088,25.817136742087946,0.945671892512487
XGBoost,xgboost_regressor,Boosting,severe,ood,projected,TP,g P/m^3,2.0876963317774105e-07,0.00045691315715105105,0.00027457476283558434,-5.6157122835583566e-06,0.0026588859990237523,0.9999999956203057
XGBoost,xgboost_regressor,Boosting,severe,ood,projected,TSS,g TSS/m^3,2024.283516066426,44.99203836309738,34.45820962224112,-6.552994938034997,131.21167131925495,0.6562369320925108
LightGBM,lightgbm_regressor,Boosting,mild,ood,raw,COD,g COD/m^3,437.8359215195671,20.924529182745477,14.524436274765922,-7.522737157326219,85.78900423778032,0.9498393301230934
LightGBM,lightgbm_regressor,Boosting,mild,ood,raw,TN,g N/m^3,31.77679334955194,5.637090858727748,4.095379310186988,-2.5449414901826057,18.64183501601329,0.8743099612396721
LightGBM,lightgbm_regressor,Boosting,mild,ood,raw,TP,g P/m^3,0.7497361392643442,0.8658730503164677,0.6780172712323057,0.14408656020004268,4.163785866849626,0.9854094619498001
LightGBM,lightgbm_regressor,Boosting,mild,ood,raw,TSS,g TSS/m^3,241.54491316915596,15.541715258270433,11.495108400367533,-5.620108017985944,63.885074816335646,0.9438231026050662
LightGBM,lightgbm_regressor,Boosting,mild,ood,projected,COD,g COD/m^3,754.7923584496768,27.47348464337345,19.826225399225667,-4.23284151367489,142.99342545698073,0.9135272177157031
LightGBM,lightgbm_regressor,Boosting,mild,ood,projected,TN,g N/m^3,10.473809069405343,3.236326477567636,2.023664291349247,-0.4874585191264188,19.781495948368566,0.9585718592363759
LightGBM,lightgbm_regressor,Boosting,mild,ood,projected,TP,g P/m^3,1.5145869351837623e-07,0.00038917694371375116,0.000231322762362165,-2.6277546244030483e-05,0.0024325439319135,0.9999999970524779
LightGBM,lightgbm_regressor,Boosting,mild,ood,projected,TSS,g TSS/m^3,430.9049141099895,20.7582493026264,15.384016704378446,-3.157581412072024,105.10691787596147,0.8997830224229258
LightGBM,lightgbm_regressor,Boosting,severe,ood,raw,COD,g COD/m^3,2699.628525220209,51.95794958637426,33.90483363506453,-23.186103009482675,154.92283985766994,0.7964499326099745
LightGBM,lightgbm_regressor,Boosting,severe,ood,raw,TN,g N/m^3,156.36270454892022,12.504507369301688,8.545719101016159,-6.917204864473363,40.219021760579984,0.6305066610342553
LightGBM,lightgbm_regressor,Boosting,severe,ood,raw,TP,g P/m^3,0.7097620421358509,0.8424737634703237,0.6486225248387708,0.0986060351026264,5.029612337573351,0.9851101873306036
LightGBM,lightgbm_regressor,Boosting,severe,ood,raw,TSS,g TSS/m^3,1294.166651027205,35.97452780825907,24.506958682093458,-15.454537685788933,106.93785846330252,0.7802251044334076
LightGBM,lightgbm_regressor,Boosting,severe,ood,projected,COD,g COD/m^3,3568.412984154819,59.73619492531156,44.062305685038346,-11.558786671848038,181.21535082876972,0.7309442033914995
LightGBM,lightgbm_regressor,Boosting,severe,ood,projected,TN,g N/m^3,24.890047911528146,4.988992675032521,3.0967611052970905,-1.0091513618587327,30.15919065446038,0.9411835006539518
LightGBM,lightgbm_regressor,Boosting,severe,ood,projected,TP,g P/m^3,1.9494354426165072e-07,0.0004415241151530126,0.0002603205502204542,8.986839627578292e-07,0.002869172885112903,0.9999999959103577
LightGBM,lightgbm_regressor,Boosting,severe,ood,projected,TSS,g TSS/m^3,1844.1451679185311,42.94351135990781,32.8670477979246,-5.8376117640908225,142.92858296945656,0.6868279588511734
CatBoost,catboost_regressor,Boosting,mild,ood,raw,COD,g COD/m^3,409.08755153872414,20.22591287281551,13.965064190618962,-7.501229351627519,72.23116177715008,0.9531328869676379
CatBoost,catboost_regressor,Boosting,mild,ood,raw,TN,g N/m^3,31.25496079017815,5.590613632704208,4.036453086602883,-2.6130579009701607,23.7560103836204,0.8763740195570926
CatBoost,catboost_regressor,Boosting,mild,ood,raw,TP,g P/m^3,0.4570114904721186,0.6760262498395447,0.5237137615060088,0.04015298282432022,2.6558937590369007,0.9911061462934748
CatBoost,catboost_regressor,Boosting,mild,ood,raw,TSS,g TSS/m^3,226.26580132114944,15.042134201008494,10.851858425626082,-5.981397252613583,51.363565039095306,0.9473766160585666
CatBoost,catboost_regressor,Boosting,mild,ood,projected,COD,g COD/m^3,697.0179418594907,26.40109736089564,19.090309572402777,-4.405017955119635,133.31559335066538,0.9201461434261686
CatBoost,catboost_regressor,Boosting,mild,ood,projected,TN,g N/m^3,9.299378773537027,3.0494882806033257,1.8877106425884493,-0.32303690123647644,16.70706358247535,0.9632172049068847
CatBoost,catboost_regressor,Boosting,mild,ood,projected,TP,g P/m^3,1.5505708568198988e-07,0.000393772885915206,0.00023710384063443908,-2.445913264830383e-05,0.0025307059734593906,0.99999999698245
CatBoost,catboost_regressor,Boosting,mild,ood,projected,TSS,g TSS/m^3,395.87296777095423,19.896556681269104,14.73824449120803,-3.6826379008306263,99.77896794717216,0.9079305177653535
CatBoost,catboost_regressor,Boosting,severe,ood,raw,COD,g COD/m^3,2695.685918740448,51.91999536537391,33.42048955656837,-23.00891492765129,162.99162374844377,0.7967472023295492
CatBoost,catboost_regressor,Boosting,severe,ood,raw,TN,g N/m^3,159.1449450669573,12.615266349425893,8.568850263278245,-7.088596067011605,41.590672778517344,0.6239320795713613
CatBoost,catboost_regressor,Boosting,severe,ood,raw,TP,g P/m^3,0.550188266133966,0.7417467668510366,0.5675138552394575,0.03077441331776147,2.820809318392566,0.988457821453818
CatBoost,catboost_regressor,Boosting,severe,ood,raw,TSS,g TSS/m^3,1288.6266822948692,35.897446737823415,23.881429364748534,-15.675242498714027,103.08966488165726,0.781165899846908
CatBoost,catboost_regressor,Boosting,severe,ood,projected,COD,g COD/m^3,3472.8070039799873,58.930526927730654,43.602560936664,-11.161596736925766,192.1562716651182,0.7381528261800325
CatBoost,catboost_regressor,Boosting,severe,ood,projected,TN,g N/m^3,22.702771673459534,4.764742561089689,2.961716246785148,-0.9357315554847423,26.411389505909,0.946352150062875
CatBoost,catboost_regressor,Boosting,severe,ood,projected,TP,g P/m^3,1.7795458560142458e-07,0.0004218466375371796,0.0002559319072052594,-1.830043625647981e-05,0.0024418271005224312,0.9999999962667623
CatBoost,catboost_regressor,Boosting,severe,ood,projected,TSS,g TSS/m^3,1804.3756587578018,42.47794320300598,32.16548194012784,-5.78122253306081,133.0284624769689,0.6935816019894792
AdaBoost,adaboost_regressor,Boosting,mild,ood,raw,COD,g COD/m^3,1810.3756640725378,42.54850953996553,34.17421607960639,-4.669814931371491,139.85289683671527,0.7925943222667493
AdaBoost,adaboost_regressor,Boosting,mild,ood,raw,TN,g N/m^3,72.22184870955122,8.498343880401123,6.698023583178887,0.46681656717950487,27.44566523750672,0.7143334488225186
AdaBoost,adaboost_regressor,Boosting,mild,ood,raw,TP,g P/m^3,8.5581395766607,2.925429810585224,2.2293171831731815,0.637411527526495,10.734330123481367,0.8334509241415081
AdaBoost,adaboost_regressor,Boosting,mild,ood,raw,TSS,g TSS/m^3,989.9800429528199,31.463948305208294,24.99117783905284,-9.462583505471903,89.58045985945495,0.769757075128112
AdaBoost,adaboost_regressor,Boosting,mild,ood,projected,COD,g COD/m^3,3955.3645917211265,62.891689369273,48.21968714391676,-21.430530362059987,217.14492679797155,0.546853677881105
AdaBoost,adaboost_regressor,Boosting,mild,ood,projected,TN,g N/m^3,24.114868046825123,4.910689162105979,3.721107106963685,-1.0775327199010705,21.815210252384833,0.9046159671882569
AdaBoost,adaboost_regressor,Boosting,mild,ood,projected,TP,g P/m^3,6.214885417411388e-07,0.0007883454456906178,0.0006111935060340024,0.00010773588267758427,0.002878028147232925,0.9999999879052753
AdaBoost,adaboost_regressor,Boosting,mild,ood,projected,TSS,g TSS/m^3,2727.492424698639,52.22540018706069,40.88496567724445,-25.891823938552644,165.58817734419858,0.36565808785858434
AdaBoost,adaboost_regressor,Boosting,severe,ood,raw,COD,g COD/m^3,4696.571952187498,68.5315398352284,52.3679377210152,-19.4335817040236,210.87521401946816,0.6458818209842822
AdaBoost,adaboost_regressor,Boosting,severe,ood,raw,TN,g N/m^3,190.8069076389381,13.813287358154035,10.652975152782433,-3.8225648422785974,37.31832804974874,0.5491131877986786
AdaBoost,adaboost_regressor,Boosting,severe,ood,raw,TP,g P/m^3,7.316730464910776,2.7049455567369143,2.115321822057984,0.4563258587029108,10.423258974692413,0.8465052517500864
AdaBoost,adaboost_regressor,Boosting,severe,ood,raw,TSS,g TSS/m^3,2291.00751001398,47.86447022598266,36.64364388132662,-18.327203955869233,131.44621099139596,0.6109419634202762
AdaBoost,adaboost_regressor,Boosting,severe,ood,projected,COD,g COD/m^3,8153.601275466877,90.2972938435415,70.48168679320472,-25.385319784756437,326.9365629343774,0.3852242730479739
AdaBoost,adaboost_regressor,Boosting,severe,ood,projected,TN,g N/m^3,32.4698608842898,5.698233137060101,4.289997023735947,-1.5934320452084285,28.263898699143027,0.9232720017954414
AdaBoost,adaboost_regressor,Boosting,severe,ood,projected,TP,g P/m^3,7.263010864391477e-07,0.0008522330000880908,0.0006646757309025464,0.00014814785948507196,0.0031573944453739955,0.9999999847632214
AdaBoost,adaboost_regressor,Boosting,severe,ood,projected,TSS,g TSS/m^3,4511.830069979565,67.17015758489454,54.3253261364734,-25.77345375227009,208.99488927028722,0.23380270874935005
Random Forest,random_forest_regressor,Randomized tree ensembles,mild,ood,raw,COD,g COD/m^3,2050.097961717349,45.278007483957914,34.01228477211703,-11.180485911958392,155.52140903922202,0.7651305385905223
Random Forest,random_forest_regressor,Randomized tree ensembles,mild,ood,raw,TN,g N/m^3,288.44093049114383,16.983548819111505,14.016024712998362,-8.754056613334628,39.81454387198282,-0.14090025808120443
Random Forest,random_forest_regressor,Randomized tree ensembles,mild,ood,raw,TP,g P/m^3,46.12688502179817,6.791677629407786,5.572068828387732,0.009350866679444701,17.012022438748122,0.10232942524536548
Random Forest,random_forest_regressor,Randomized tree ensembles,mild,ood,raw,TSS,g TSS/m^3,1223.3347095368456,34.976202045631624,27.57676042929249,-11.22121378892426,118.09725872222009,0.7154850104039032
Random Forest,random_forest_regressor,Randomized tree ensembles,mild,ood,projected,COD,g COD/m^3,10479.74539636082,102.37062760558236,83.37727792965752,28.889711006162724,284.73104602735214,-0.20061197216636928
Random Forest,random_forest_regressor,Randomized tree ensembles,mild,ood,projected,TN,g N/m^3,30.942754021531208,5.5626211466835676,4.327805921607579,-1.1845693279960454,23.874541845115164,0.8776089232939426
Random Forest,random_forest_regressor,Randomized tree ensembles,mild,ood,projected,TP,g P/m^3,1.0601202815987286e-06,0.0010296214263498641,0.0007156532658904997,-9.245698305887729e-05,0.0049337384572325504,0.999999979369108
Random Forest,random_forest_regressor,Randomized tree ensembles,mild,ood,projected,TSS,g TSS/m^3,6976.03792495532,83.52267910547003,68.35457543532333,21.806184054172018,230.15313218299508,-0.6224401565390714
Random Forest,random_forest_regressor,Randomized tree ensembles,severe,ood,raw,COD,g COD/m^3,5283.884764567853,72.69033473968773,51.87807435564439,-25.92103326182737,288.922278544575,0.6015988533751385
Random Forest,random_forest_regressor,Randomized tree ensembles,severe,ood,raw,TN,g N/m^3,565.1850136466591,23.773620120769557,18.96394896242142,-13.41337450776674,56.50179472403266,-0.33556207299016116
Random Forest,random_forest_regressor,Randomized tree ensembles,severe,ood,raw,TP,g P/m^3,43.82349789368926,6.619931864731635,5.46219502694295,0.15080368377984055,16.270301214523947,0.08064444783336944
Random Forest,random_forest_regressor,Randomized tree ensembles,severe,ood,raw,TSS,g TSS/m^3,2706.9437982803993,52.028298052890406,39.017617253002804,-20.16693546830928,171.12343576165784,0.5403078188581731
Random Forest,random_forest_regressor,Randomized tree ensembles,severe,ood,projected,COD,g COD/m^3,21265.32256788059,145.82634387476287,117.07686523862544,33.60377059652866,396.60388475686244,-0.6033901706567726
Random Forest,random_forest_regressor,Randomized tree ensembles,severe,ood,projected,TN,g N/m^3,37.05912162821481,6.087620358417139,4.912995066192874,-1.7317197576376058,28.32615687024206,0.9124273359875106
Random Forest,random_forest_regressor,Randomized tree ensembles,severe,ood,projected,TP,g P/m^3,1.1051879876589308e-06,0.0010512792148896176,0.0007311304876507663,-0.00010096812604267314,0.004579945215056114,0.9999999768147053
Random Forest,random_forest_regressor,Randomized tree ensembles,severe,ood,projected,TSS,g TSS/m^3,13333.906281133253,115.47253474802245,93.19255891927958,28.755952176583644,331.99681383161726,-1.2643589665247736
Extra Trees,extra_trees_regressor,Randomized tree ensembles,mild,ood,raw,COD,g COD/m^3,3647.96439366981,60.398380720593906,47.91861210816214,-20.831387460538387,179.72170576032033,0.5820709798352999
Extra Trees,extra_trees_regressor,Randomized tree ensembles,mild,ood,raw,TN,g N/m^3,119.81928132278733,10.94619940083257,8.152561546062415,-5.481495467704614,35.66105417125697,0.5260663985811482
Extra Trees,extra_trees_regressor,Randomized tree ensembles,mild,ood,raw,TP,g P/m^3,28.011893072445673,5.292626292536218,4.327319352134212,-0.034998829689727846,14.46768371091407,0.45486342417389136
Extra Trees,extra_trees_regressor,Randomized tree ensembles,mild,ood,raw,TSS,g TSS/m^3,2240.9600446685827,47.338779501256504,37.71832373720839,-17.142684778426805,133.82290427035582,0.4788125287187015
Extra Trees,extra_trees_regressor,Randomized tree ensembles,mild,ood,projected,COD,g COD/m^3,4841.225607664295,69.57891640191227,54.58784128069005,-10.671463449702602,235.70546981548773,0.4453650155910681
Extra Trees,extra_trees_regressor,Randomized tree ensembles,mild,ood,projected,TN,g N/m^3,16.018200494152467,4.002274415148525,2.6151129013334025,-0.5274977458472834,22.920049348555487,0.9366415541419281
Extra Trees,extra_trees_regressor,Randomized tree ensembles,mild,ood,projected,TP,g P/m^3,5.616149573402347e-07,0.0007494097392883513,0.0005387403135250116,-2.3885520792209883e-05,0.0034781954078706434,0.9999999890704689
Extra Trees,extra_trees_regressor,Randomized tree ensembles,mild,ood,projected,TSS,g TSS/m^3,3075.5265234858875,55.4574298312308,44.190024869982786,-9.224224743193536,181.42410369905616,0.28471464922024936
Extra Trees,extra_trees_regressor,Randomized tree ensembles,severe,ood,raw,COD,g COD/m^3,7401.557683875173,86.03230604764221,64.31923156866037,-34.33037967299434,283.38619519542476,0.4419278240434731
Extra Trees,extra_trees_regressor,Randomized tree ensembles,severe,ood,raw,TN,g N/m^3,333.8182954890802,18.27069499195584,12.960540595503192,-10.28802275561003,46.43177489871444,0.21116971618047142
Extra Trees,extra_trees_regressor,Randomized tree ensembles,severe,ood,raw,TP,g P/m^3,26.774861943731956,5.174443153009989,4.172022793245198,0.010674757935475725,14.472288067547598,0.4383009305605947
Extra Trees,extra_trees_regressor,Randomized tree ensembles,severe,ood,raw,TSS,g TSS/m^3,3944.261055063953,62.80335225976359,48.420559218559205,-24.99162628248313,193.67234319468503,0.3301870661123727
Extra Trees,extra_trees_regressor,Randomized tree ensembles,severe,ood,projected,COD,g COD/m^3,10388.177645302547,101.92240992687795,81.39868255376963,-7.780448717375078,313.83680214207607,0.216738806836986
Extra Trees,extra_trees_regressor,Randomized tree ensembles,severe,ood,projected,TN,g N/m^3,30.38563942555252,5.512317065041934,3.7086816127926294,-1.148578530598483,27.712177752793494,0.9281971273114942
Extra Trees,extra_trees_regressor,Randomized tree ensembles,severe,ood,projected,TP,g P/m^3,6.333278502067496e-07,0.0007958189808032663,0.0005658546694733484,-1.0462350309842587e-05,0.004239525124331678,0.9999999867136695
Extra Trees,extra_trees_regressor,Randomized tree ensembles,severe,ood,projected,TSS,g TSS/m^3,5985.987131395647,77.36916137192937,63.3291997482393,-4.115792803124356,232.08930859756993,-0.01653809084112212
SVR,svr_regressor,Kernel,mild,ood,raw,COD,g COD/m^3,240.6250386179007,15.512093302256169,10.36197453028719,-2.269606207211164,70.90775501055913,0.9724327938092877
SVR,svr_regressor,Kernel,mild,ood,raw,TN,g N/m^3,25.68895531344871,5.068427301781955,3.8329631768479135,-1.4675215432726005,18.28047833878349,0.8983898169478064
SVR,svr_regressor,Kernel,mild,ood,raw,TP,g P/m^3,0.8414291265061017,0.9172944600868914,0.6563894213096734,0.050378096701653184,3.6670098351439293,0.9836250341368363
SVR,svr_regressor,Kernel,mild,ood,raw,TSS,g TSS/m^3,156.39287714514978,12.505713779914755,9.311486112529185,-3.7047176722045347,58.53417559771219,0.9636271925688251
SVR,svr_regressor,Kernel,mild,ood,projected,COD,g COD/m^3,717.4853379664812,26.785916784132688,18.24449963867405,-5.696311177184693,115.23508676742836,0.9178012963067284
SVR,svr_regressor,Kernel,mild,ood,projected,TN,g N/m^3,14.038253138880858,3.7467656904163165,2.6027264223346975,-0.39975321898523475,16.596112574332423,0.9444730447863736
SVR,svr_regressor,Kernel,mild,ood,projected,TP,g P/m^3,2.1778755273267737e-07,0.00046667713971511115,0.00032123924526121045,-3.435720002225621e-05,0.001941507925039332,0.9999999957616588
SVR,svr_regressor,Kernel,mild,ood,projected,TSS,g TSS/m^3,488.49784980283243,22.101987462733582,16.060965711598012,-8.19326229371327,93.07883260239407,0.886388443350072
SVR,svr_regressor,Kernel,severe,ood,raw,COD,g COD/m^3,1174.4905305381405,34.270840820413795,22.839170245038954,-11.168959771048574,153.54926011743282,0.9114442507898436
SVR,svr_regressor,Kernel,severe,ood,raw,TN,g N/m^3,93.99992100081516,9.695355640759917,7.457438695047498,-5.362697557412226,33.134621784783306,0.7778732161655536
SVR,svr_regressor,Kernel,severe,ood,raw,TP,g P/m^3,2.6757602697998126,1.6357751281272779,1.2038314680761166,0.024003974686341998,6.741087013031407,0.9438663005341346
SVR,svr_regressor,Kernel,severe,ood,raw,TSS,g TSS/m^3,675.7919494921067,25.995998720805222,18.88574410013168,-8.68923303995527,103.55994836379546,0.8852372644539351
SVR,svr_regressor,Kernel,severe,ood,projected,COD,g COD/m^3,2303.5057620056223,47.994851411433935,34.158646867541634,-10.23004106913112,212.79541136873934,0.8263173067297065
SVR,svr_regressor,Kernel,severe,ood,projected,TN,g N/m^3,25.89905958662874,5.08911186619323,3.6634002070163647,-1.1327201152129416,24.35329159530915,0.9387991527113662
SVR,svr_regressor,Kernel,severe,ood,projected,TP,g P/m^3,3.69468690627072e-07,0.0006078393625186444,0.00039819061212686377,-0.00010629696299956433,0.003778294375916147,0.9999999922490648
SVR,svr_regressor,Kernel,severe,ood,projected,TSS,g TSS/m^3,1297.6125644193407,36.022389765524174,27.241594550472914,-10.879241501783468,133.83709687884357,0.7796399207128358
k-NN,knn_regressor,Instance based,mild,ood,raw,COD,g COD/m^3,2532.9222971902445,50.32814617279524,38.4368399823013,-15.139925179607165,184.51289737616412,0.7098157713230531
k-NN,knn_regressor,Instance based,mild,ood,raw,TN,g N/m^3,109.75767642128403,10.476529789070618,8.549818350793066,-4.946091765160586,27.014942076338045,0.5658641055476659
k-NN,knn_regressor,Instance based,mild,ood,raw,TP,g P/m^3,12.32655175578471,3.5109189332402293,2.837341855316663,0.0025143242211672265,10.246004443120576,0.7601142415290142
k-NN,knn_regressor,Instance based,mild,ood,raw,TSS,g TSS/m^3,1333.7941972767371,36.52114726123396,29.429735159399623,-10.073677425913486,120.40455939326506,0.6897950828966524
k-NN,knn_regressor,Instance based,mild,ood,projected,COD,g COD/m^3,4369.22713212292,66.10012959233076,51.57782149991361,-9.379958701055457,239.26916056141994,0.4994395182766044
k-NN,knn_regressor,Instance based,mild,ood,projected,TN,g N/m^3,18.939521123415002,4.351956011199447,3.19960886921358,-0.814541599467836,20.916313356483013,0.9250865523806024
k-NN,knn_regressor,Instance based,mild,ood,projected,TP,g P/m^3,5.062327204150453e-07,0.0007115003305797162,0.0004972022535931468,-2.59681384102232e-05,0.0032442690784648676,0.999999990148257
k-NN,knn_regressor,Instance based,mild,ood,projected,TSS,g TSS/m^3,2540.395301628723,50.40233428749826,40.433284555861334,-6.005108830804744,161.57559807787675,0.40917188306827834
k-NN,knn_regressor,Instance based,severe,ood,raw,COD,g COD/m^3,5717.367194728915,75.61327393208758,53.57273407202213,-28.69790858761136,274.1620517246814,0.5689145869853844
k-NN,knn_regressor,Instance based,severe,ood,raw,TN,g N/m^3,256.98687339260226,16.030810129017258,12.379293322856462,-8.7344955493078,40.64216976228206,0.39272642927142687
k-NN,knn_regressor,Instance based,severe,ood,raw,TP,g P/m^3,12.37330407854947,3.5175707638297014,2.841029626355835,-0.016317949656061946,10.53958741666122,0.7404254258558722
k-NN,knn_regressor,Instance based,severe,ood,raw,TSS,g TSS/m^3,2526.8652229941194,50.2679343418259,37.66326034936986,-17.705315009387796,174.03063502264803,0.5708886950118819
k-NN,knn_regressor,Instance based,severe,ood,projected,COD,g COD/m^3,8408.51082644522,91.6979325091096,70.79639111037228,-12.676658109375245,334.8385221427674,0.3660042745202987
k-NN,knn_regressor,Instance based,severe,ood,projected,TN,g N/m^3,24.33360840329331,4.932910743495499,3.5181136989910344,-1.2190757064153186,24.276959187580474,0.9424983966352107
k-NN,knn_regressor,Instance based,severe,ood,projected,TP,g P/m^3,5.316403035369372e-07,0.0007291366837136485,0.000499984323142065,-4.910633748137864e-07,0.0035468842594124084,0.9999999888469318
k-NN,knn_regressor,Instance based,severe,ood,projected,TSS,g TSS/m^3,4428.893689295433,66.54993380383961,54.13961319294723,-4.824133480142623,222.19562159851563,0.24788693382890914
PLS,pls_regressor,Interpretable models,mild,ood,raw,COD,g COD/m^3,3813.7535164934443,61.7555950217747,50.50229250690743,-38.96250807203851,189.7379124819177,0.5630773499150408
PLS,pls_regressor,Interpretable models,mild,ood,raw,TN,g N/m^3,205.62242836788627,14.339540730716806,11.698738653898742,-7.100768614859662,37.477013482220755,0.18668033280592855
PLS,pls_regressor,Interpretable models,mild,ood,raw,TP,g P/m^3,25.465076602632063,5.046293352811751,4.025135235328508,-0.5504393259892302,15.14257956550546,0.5044267580771402
PLS,pls_regressor,Interpretable models,mild,ood,raw,TSS,g TSS/m^3,3206.581397914511,56.626684503990795,44.36160974398297,-24.019581667073947,192.63479343638403,0.2542347846795838
PLS,pls_regressor,Interpretable models,mild,ood,projected,COD,g COD/m^3,4443.1576018981805,66.65701464885883,52.211544326496714,-5.515186132866478,230.8929237864071,0.4909696744242066
PLS,pls_regressor,Interpretable models,mild,ood,projected,TN,g N/m^3,27.811450877327005,5.273656310125547,3.405235461944929,0.30984151859364917,25.569335433601598,0.8899944906240367
PLS,pls_regressor,Interpretable models,mild,ood,projected,TP,g P/m^3,5.522345435671196e-07,0.0007431248505918233,0.0005936451290146483,0.0001176303769842324,0.0030434384576878415,0.9999999892530202
PLS,pls_regressor,Interpretable models,mild,ood,projected,TSS,g TSS/m^3,2687.38442342797,51.8399886518889,41.56217428293933,-2.059014465855918,162.48807692951846,0.3749861380441014
PLS,pls_regressor,Interpretable models,severe,ood,raw,COD,g COD/m^3,6921.577580310635,83.19601901720199,68.56971618733591,-61.1378953852462,235.69731544228887,0.47811798187952703
PLS,pls_regressor,Interpretable models,severe,ood,raw,TN,g N/m^3,342.6094385490529,18.509712006107847,14.882643510814699,-10.594039489251294,46.513378799962254,0.19039578027340487
PLS,pls_regressor,Interpretable models,severe,ood,raw,TP,g P/m^3,26.80046095206425,5.176916162356142,4.135500278522497,-0.7654194355263655,14.016522697113261,0.4377638992515617
PLS,pls_regressor,Interpretable models,severe,ood,raw,TSS,g TSS/m^3,4270.719355596944,65.35074104856764,51.61980977688059,-33.24044492140965,203.45769848105232,0.2747480398868567
PLS,pls_regressor,Interpretable models,severe,ood,projected,COD,g COD/m^3,5633.674583307933,75.05780827674049,56.91985019687988,-15.422427965183575,273.30094957788856,0.5752249502578272
PLS,pls_regressor,Interpretable models,severe,ood,projected,TN,g N/m^3,33.06179503768885,5.749938698602695,3.707030748039167,-0.1170687434664463,28.659415562816825,0.9218732300907806
PLS,pls_regressor,Interpretable models,severe,ood,projected,TP,g P/m^3,7.361625638983811e-07,0.0008579991631105366,0.0006727997523942708,0.0002406488720118194,0.004306022912857088,0.9999999845563414
PLS,pls_regressor,Interpretable models,severe,ood,projected,TSS,g TSS/m^3,3319.834595502824,57.61800582719628,45.705943783275956,-5.145934547768549,207.4516414313464,0.43622693341241436
Multi-task Elastic Net,multitask_elastic_net_regressor,Interpretable models,mild,ood,raw,COD,g COD/m^3,558.6285706053154,23.635324635073566,18.588064174626016,-10.67916135678564,67.0969580399427,0.9360007209625691
Multi-task Elastic Net,multitask_elastic_net_regressor,Interpretable models,mild,ood,raw,TN,g N/m^3,26.463772570111576,5.144295148036471,3.8747718369760316,0.22083874575544096,21.216693773133567,0.8953251020802347
Multi-task Elastic Net,multitask_elastic_net_regressor,Interpretable models,mild,ood,raw,TP,g P/m^3,0.0004583488682284703,0.02140908377835143,0.017567911399669445,0.0005121241254091968,0.05274500333378107,0.9999910801197223
Multi-task Elastic Net,multitask_elastic_net_regressor,Interpretable models,mild,ood,raw,TSS,g TSS/m^3,240.41483690158367,15.505316407657848,11.770344806137498,4.062686126392782,73.255612860148,0.9440859281711231
Multi-task Elastic Net,multitask_elastic_net_regressor,Interpretable models,mild,ood,projected,COD,g COD/m^3,1279.8542066639063,35.77505005816074,23.448328157769012,-9.189316885102421,157.91165274960406,0.8533735100394922
Multi-task Elastic Net,multitask_elastic_net_regressor,Interpretable models,mild,ood,projected,TN,g N/m^3,23.368478470369183,4.83409541386692,3.383963325084774,-0.04524145457602192,21.26447975138254,0.9075682391108225
Multi-task Elastic Net,multitask_elastic_net_regressor,Interpretable models,mild,ood,projected,TP,g P/m^3,5.752019457099009e-07,0.0007584206917733066,0.0005815376497214686,0.00016499419097146213,0.0034509145631975713,0.999999988806054
Multi-task Elastic Net,multitask_elastic_net_regressor,Interpretable models,mild,ood,projected,TSS,g TSS/m^3,755.501061122053,27.486379556464925,19.772263606199456,-3.321043422410869,104.3419458395154,0.8242906255587552
Multi-task Elastic Net,multitask_elastic_net_regressor,Interpretable models,severe,ood,raw,COD,g COD/m^3,1266.9607946397648,35.594392741550806,28.21246687720782,-21.090472501284687,102.39185457831115,0.9044720587591183
Multi-task Elastic Net,multitask_elastic_net_regressor,Interpretable models,severe,ood,raw,TN,g N/m^3,34.62848164128404,5.884596982061222,4.670120874223342,0.16981385319210393,24.06011464274797,0.918171066803536
Multi-task Elastic Net,multitask_elastic_net_regressor,Interpretable models,severe,ood,raw,TP,g P/m^3,0.000422890252890414,0.020564295584590636,0.017023678719569,0.0007800315415941869,0.04997685225422188,0.9999911283553199
Multi-task Elastic Net,multitask_elastic_net_regressor,Interpretable models,severe,ood,raw,TSS,g TSS/m^3,505.3959012928021,22.481012016650897,16.999513122743867,6.627988318620647,105.33774337536579,0.9141738574871727
Multi-task Elastic Net,multitask_elastic_net_regressor,Interpretable models,severe,ood,projected,COD,g COD/m^3,2617.4696049678687,51.16121191848243,35.45593522221612,-15.04802700124965,241.41403393355858,0.8026446566610147
Multi-task Elastic Net,multitask_elastic_net_regressor,Interpretable models,severe,ood,projected,TN,g N/m^3,26.658894214124327,5.163225175616915,3.66036078145282,-0.48967346900570086,24.058579481129307,0.9370036233082066
Multi-task Elastic Net,multitask_elastic_net_regressor,Interpretable models,severe,ood,projected,TP,g P/m^3,7.308895422611285e-07,0.0008549207812780835,0.000667189925836551,0.0003005370595800283,0.003315447379439007,0.999999984666962
Multi-task Elastic Net,multitask_elastic_net_regressor,Interpretable models,severe,ood,projected,TSS,g TSS/m^3,1413.017918318813,37.59013059725668,28.134625084172598,-2.6903834360885566,142.26132614209206,0.7600418267726536
Multi-task Lasso,multitask_lasso_regressor,Interpretable models,mild,ood,raw,COD,g COD/m^3,558.8792859026279,23.640627866083165,18.594869425795576,-10.675479092514301,67.04596816277217,0.9359719977659481
Multi-task Lasso,multitask_lasso_regressor,Interpretable models,mild,ood,raw,TN,g N/m^3,26.46274331031323,5.144195108111008,3.874248143819372,0.22298341575288555,21.219068144149393,0.8953291732180152
Multi-task Lasso,multitask_lasso_regressor,Interpretable models,mild,ood,raw,TP,g P/m^3,0.0003849136423956998,0.019619216151408797,0.016101008643926343,0.0004814158851611146,0.04821594633033577,0.9999925092351145
Multi-task Lasso,multitask_lasso_regressor,Interpretable models,mild,ood,raw,TSS,g TSS/m^3,240.42497927555047,15.505643465382224,11.770464990934771,4.0694023184766825,73.27442314772247,0.9440835693257466
Multi-task Lasso,multitask_lasso_regressor,Interpretable models,mild,ood,projected,COD,g COD/m^3,1279.3151469409343,35.76751524695187,23.44356276553889,-9.182738723538593,157.8795507352972,0.8534352674136111
Multi-task Lasso,multitask_lasso_regressor,Interpretable models,mild,ood,projected,TN,g N/m^3,23.368160398340684,4.834062514939239,3.383906660780868,-0.04516729331937333,21.263320166967272,0.9075694972140286
Multi-task Lasso,multitask_lasso_regressor,Interpretable models,mild,ood,projected,TP,g P/m^3,5.752169556525257e-07,0.000758430587234274,0.0005815679982777114,0.0001651011598155113,0.0034507311441842603,0.9999999888057619
Multi-task Lasso,multitask_lasso_regressor,Interpretable models,mild,ood,projected,TSS,g TSS/m^3,755.1969266531818,27.480846541785823,19.767120562077203,-3.315296331504399,104.34174929192352,0.8243613591156241
Multi-task Lasso,multitask_lasso_regressor,Interpretable models,severe,ood,raw,COD,g COD/m^3,1267.0528853928745,35.59568633125192,28.2154594209899,-21.084746957503995,102.31177993907943,0.9044651151819459
Multi-task Lasso,multitask_lasso_regressor,Interpretable models,severe,ood,raw,TN,g N/m^3,34.62157896213743,5.884010448846724,4.669498640866738,0.17298995641918624,24.062357087367573,0.9181873781993579
Multi-task Lasso,multitask_lasso_regressor,Interpretable models,severe,ood,raw,TP,g P/m^3,0.0003550890203257886,0.018843805887500238,0.015600581491812529,0.0007376043591714747,0.04588615551423736,0.9999925507301325
Multi-task Lasso,multitask_lasso_regressor,Interpretable models,severe,ood,raw,TSS,g TSS/m^3,505.4524055569916,22.482268692393827,17.001791490070875,6.637658774188337,105.35800674587227,0.9141642619542083
Multi-task Lasso,multitask_lasso_regressor,Interpretable models,severe,ood,projected,COD,g COD/m^3,2616.540861895841,51.15213448035029,35.45017417175359,-15.0401251329095,241.37301542275952,0.8027146832269415
Multi-task Lasso,multitask_lasso_regressor,Interpretable models,severe,ood,projected,TN,g N/m^3,26.65956077371162,5.16328972397556,3.660406484588901,-0.4897435581346186,24.059051086071015,0.9370020481926556
Multi-task Lasso,multitask_lasso_regressor,Interpretable models,severe,ood,projected,TP,g P/m^3,7.310010371579609e-07,0.0008549859865272418,0.0006672485631180643,0.0003006649289666748,0.003315535315486784,0.999999984664623
Multi-task Lasso,multitask_lasso_regressor,Interpretable models,severe,ood,projected,TSS,g TSS/m^3,1412.5941272222308,37.584493175008106,28.12997590584733,-2.6842873069018096,142.23872236630052,0.7601137948178196
MLP,ann_deep_regressor,Neural networks,mild,ood,raw,COD,g COD/m^3,68.45080926779286,8.27350042411269,6.184603828488302,-2.9662718178812697,37.73099511757687,0.9921579334227024
MLP,ann_deep_regressor,Neural networks,mild,ood,raw,TN,g N/m^3,5.138957872433969,2.2669269667181537,1.6673790745033745,-0.9876798020056617,12.37149132475296,0.9796733481862472
MLP,ann_deep_regressor,Neural networks,mild,ood,raw,TP,g P/m^3,0.35792593963262265,0.5982691197384523,0.4612391220267984,-0.041368670103566735,2.934395949831103,0.9930344400278108
MLP,ann_deep_regressor,Neural networks,mild,ood,raw,TSS,g TSS/m^3,50.97676083685798,7.139801176283411,5.288507465433153,0.2928838524458882,35.24921279914611,0.9881441665424237
MLP,ann_deep_regressor,Neural networks,mild,ood,projected,COD,g COD/m^3,174.97212007682,13.227702751302662,8.465424613837586,-2.563787417526098,100.35751913357683,0.9799543200512761
MLP,ann_deep_regressor,Neural networks,mild,ood,projected,TN,g N/m^3,1.896015334401396,1.3769587264698226,0.7653213098955001,-0.12665710413655912,15.41368310318272,0.99250049436236
MLP,ann_deep_regressor,Neural networks,mild,ood,projected,TP,g P/m^3,9.98618219832132e-08,0.0003160092118644854,0.0002114951180461248,3.818959727408681e-05,0.0020588177383000783,0.9999999980565993
MLP,ann_deep_regressor,Neural networks,mild,ood,projected,TSS,g TSS/m^3,133.95659691364304,11.573962023164023,7.7925931793980725,-1.2355840138418877,78.8448188912352,0.9688452722872196
MLP,ann_deep_regressor,Neural networks,severe,ood,raw,COD,g COD/m^3,301.4627889941009,17.362683807352504,12.152339682597558,-7.017228938072064,78.66673141634442,0.9772699204938469
MLP,ann_deep_regressor,Neural networks,severe,ood,raw,TN,g N/m^3,26.87073861388476,5.183699317464773,3.8854805416119755,-3.156565575128956,18.389698954734456,0.9365030237897058
MLP,ann_deep_regressor,Neural networks,severe,ood,raw,TP,g P/m^3,0.7927906979613248,0.8903879480099249,0.6467995177634659,-0.0842677613491139,5.969674944328794,0.9833683625244858
MLP,ann_deep_regressor,Neural networks,severe,ood,raw,TSS,g TSS/m^3,224.0088599813993,14.966925535372964,10.475605272749926,-1.6026836892603766,84.76167248632828,0.961958899366378
MLP,ann_deep_regressor,Neural networks,severe,ood,projected,COD,g COD/m^3,519.7361523048465,22.79772252451649,15.03796309250915,-5.753076890882524,160.17427685059533,0.9608122644140255
MLP,ann_deep_regressor,Neural networks,severe,ood,projected,TN,g N/m^3,4.455693156766565,2.1108512872219505,1.2622801453879118,-0.5887271230516989,18.10680970753626,0.9894709614632854
MLP,ann_deep_regressor,Neural networks,severe,ood,projected,TP,g P/m^3,1.7925197056457056e-07,0.00042338158977991774,0.00027236183522843995,1.707840180085185e-06,0.0029023044381482066,0.9999999962395449
MLP,ann_deep_regressor,Neural networks,severe,ood,projected,TSS,g TSS/m^3,328.98614594165355,18.137975243715974,12.923082643253831,-2.752550325006428,101.85774870703074,0.9441316960147332
TabNet,tabnet_regressor,Neural networks,mild,ood,raw,COD,g COD/m^3,251.14758374852673,15.847636535096543,11.583704006052708,-2.5350164086781266,91.76706842646831,0.9712272784858069
TabNet,tabnet_regressor,Neural networks,mild,ood,raw,TN,g N/m^3,19.94080618829551,4.465512981539244,3.515741131400824,-0.8463542371068943,14.941368238824538,0.921126065957993
TabNet,tabnet_regressor,Neural networks,mild,ood,raw,TP,g P/m^3,2.7882017519872426,1.6697909306219274,1.3396300622885204,1.0819986635128618,6.341027720039079,0.9457390918971554
TabNet,tabnet_regressor,Neural networks,mild,ood,raw,TSS,g TSS/m^3,214.2204217515232,14.63627075970936,10.902673267019662,-3.415933768117209,83.57348636772127,0.9501780497268966
TabNet,tabnet_regressor,Neural networks,mild,ood,projected,COD,g COD/m^3,740.6742672784583,27.21533147471216,19.14521207692476,-6.645631751486547,130.64557440635377,0.9151446567510243
TabNet,tabnet_regressor,Neural networks,mild,ood,projected,TN,g N/m^3,3.768741919665376,1.9413247846935289,1.412687040894062,-0.10273256416928163,11.772280584014027,0.9850931051239287
TabNet,tabnet_regressor,Neural networks,mild,ood,projected,TP,g P/m^3,1.7127050182270726e-07,0.00041384840439792354,0.00027942098789398944,3.178038020882864e-05,0.0026308825614966835,0.9999999966669223
TabNet,tabnet_regressor,Neural networks,mild,ood,projected,TSS,g TSS/m^3,658.7139539107694,25.665423314466672,18.645372323015877,-11.538756700158858,125.60546180870134,0.8468007224166139
TabNet,tabnet_regressor,Neural networks,severe,ood,raw,COD,g COD/m^3,501.9815932190874,22.404945731223886,16.748101560363132,-8.913108297206792,100.58600856178293,0.9621509455194533
TabNet,tabnet_regressor,Neural networks,severe,ood,raw,TN,g N/m^3,45.95790930657261,6.779226305897496,4.949679864423577,-2.3550524137771434,29.6297648900631,0.891399030155189
TabNet,tabnet_regressor,Neural networks,severe,ood,raw,TP,g P/m^3,4.313850525786984,2.0769811086735923,1.6336025253993618,1.0397138196911666,8.455159694593885,0.9095014633081054
TabNet,tabnet_regressor,Neural networks,severe,ood,raw,TSS,g TSS/m^3,426.1725355705315,20.643946705282193,15.658794576904317,-8.240911006997955,108.71449510219816,0.9276275397577105
TabNet,tabnet_regressor,Neural networks,severe,ood,projected,COD,g COD/m^3,878.3918859459974,29.637676797380685,21.509160093413826,-9.133906536122577,132.12914039079806,0.9337698776298955
TabNet,tabnet_regressor,Neural networks,severe,ood,projected,TN,g N/m^3,6.424703923362851,2.534699967128822,1.8032641408511483,0.03634879356113385,18.74019047478697,0.9848180849048505
TabNet,tabnet_regressor,Neural networks,severe,ood,projected,TP,g P/m^3,2.9709332102638714e-07,0.0005450626762367674,0.0003622261751512301,5.392308463860888e-05,0.0031633594881039784,0.9999999937673986
TabNet,tabnet_regressor,Neural networks,severe,ood,projected,TSS,g TSS/m^3,810.3435597749996,28.466534031648454,21.309324188136447,-13.101045039015167,123.62821552203314,0.8623877604315834
